item_id,order_id,product_id,quantity,unit_price,discount_percent
1,1185,112,1,2238.39,0
2,385,397,4,502.47,30
3,774,108,2,2857.37,15
4,1392,190,5,2442.27,0
5,34,258,3,2458.06,10
6,256,333,6,2997.15,25
7,848,181,4,2485.42,15
8,873,59,5,2779.41,15
9,940,91,4,1660.5,15
10,334,196,5,858.66,20
11,1351,325,6,853.33,20
12,1271,413,1,2512.52,0
13,184,316,6,2797.83,0
14,213,475,4,1636.48,50
15,1298,298,4,2418.58,30
16,1368,109,-3,672.52,20
17,932,59,5,590.7,20
18,962,496,1,2382.28,15
19,951,4,4,2819.15,20
20,459,138,5,2639.42,10
21,542,345,3,728.46,20
22,850,14,1,464.36,0
23,767,163,5,1008.59,50
24,1172,285,4,2920.6,5
25,395,425,5,159.49,20
26,1184,481,4,1910.64,0
27,1492,463,2,957.78,20
28,325,51,4,2131.52,5
29,259,324,5,1732.92,0
30,803,429,6,1660.95,10
31,661,48,2,81.79,0
32,24,79,6,88.32,50
33,1450,293,5,1150.3,0
34,268,96,4,722.97,15
35,455,275,3,2522.17,5
36,1488,338,4,159.99,10
37,170,327,2,2954.47,0
38,212,475,1,1789.7,25
39,220,135,2,2684.34,10
40,191,433,1,1087.38,25
41,426,252,-4,2387.35,0
42,848,492,1,1878.92,25
43,431,193,6,2669.69,20
44,1298,93,4,899.77,0
45,366,324,6,1821.93,50
46,65,178,1,1454.31,15
47,1258,3,5,479.37,30
48,522,311,1,93.52,5
49,48,390,5,461.28,30
50,748,16,1,985.98,5
51,451,138,1,824.63,0
52,409,363,1,1656.73,15
53,603,224,4,1540.41,25
54,820,89,2,597.64,10
55,1470,53,3,1753.03,20
56,1204,407,3,621.47,0
57,1479,453,4,1341.24,20
58,1222,418,6,959.65,10
59,221,220,-5,603.16,20
60,723,231,3,505.91,0
61,70,301,5,1232.38,10
62,1237,181,6,1197.93,30
63,235,220,2,2373.73,15
64,733,111,2,1972.58,0
65,762,63,2,33.85,15
66,1410,110,1,1398.8,15
67,659,34,2,1159.84,30
68,1233,112,2,313.25,30
69,570,485,6,2650.66,50
70,1375,458,1,1940.58,50
71,1398,417,4,963.76,15
72,404,256,1,145.14,25
73,563,64,4,1361.09,0
74,1232,197,3,713.08,50
75,44,330,3,2351.0,0
76,1180,146,1,397.52,25
77,825,471,1,1584.9,30
78,691,36,6,1412.33,0
79,851,141,6,954.98,10
80,709,285,4,2324.97,0
81,1012,202,5,898.84,0
82,931,432,4,1124.85,0
83,1266,115,1,148.26,0
84,22,166,2,2584.86,0
85,1484,88,4,268.61,5
86,1483,3,3,2802.66,30
87,108,57,3,148.77,0
88,624,169,1,2065.33,10
89,778,474,3,417.6,0
90,944,164,1,2586.38,0
91,1197,343,4,371.51,25
92,1081,245,2,1985.5,50
93,575,116,3,279.94,25
94,607,181,-6,1677.75,0
95,497,356,6,238.66,5
96,1013,7,1,2013.14,5
97,959,250,4,318.08,5
98,428,264,5,2576.08,30
99,639,336,6,466.23,25
100,1034,113,1,2750.51,0
101,790,263,4,613.05,50
102,820,143,2,1272.17,0
103,1406,332,3,310.68,50
104,945,124,1,54.68,0
105,944,15,2,1431.34,10
106,1088,136,4,359.39,15
107,1128,221,1,640.14,15
108,813,261,5,1004.55,20
109,904,51,3,152.16,15
110,784,100,6,885.55,20
111,825,142,2,1591.04,50
112,1011,56,5,2045.08,20
113,1324,113,2,349.99,0
114,74,123,5,202.21,10
115,207,452,3,1862.56,5
116,1467,202,4,308.41,20
117,1417,106,3,517.23,25
118,417,362,3,1790.96,10
119,7,258,1,2723.81,0
120,1275,437,4,2720.47,10
121,489,349,2,213.02,15
122,384,73,3,2886.92,25
123,1365,172,4,67.38,20
124,541,348,1,2281.98,0
125,20,497,5,1424.12,15
126,3,242,4,332.61,5
127,36,428,5,688.72,10
128,1031,397,2,286.26,0
129,624,232,-6,1474.53,15
130,719,340,5,1462.05,10
131,747,424,4,1061.12,0
132,1455,397,3,1993.49,30
133,1221,139,4,2058.92,0
134,1492,76,6,2936.02,0
135,452,183,6,1496.01,0
136,501,185,5,622.89,20
137,183,328,2,328.26,20
138,561,461,6,2737.61,30
139,1080,467,2,2038.8,10
140,679,214,4,2836.07,50
141,566,22,3,1740.65,5
142,1438,63,3,1303.21,50
143,932,148,5,335.02,15
144,18,239,4,2044.36,0
145,1072,286,3,1994.64,50
146,622,34,4,2400.36,10
147,32,112,4,852.64,0
148,1215,251,1,920.94,0
149,882,26,3,758.04,0
150,718,341,3,2875.78,30
151,1149,366,2,815.65,0
152,403,471,4,246.75,50
153,449,478,1,1067.12,25
154,1390,217,6,1200.35,20
155,201,306,3,935.65,10
156,1155,412,4,1736.61,15
157,1400,70,2,1251.86,10
158,409,44,3,895.52,10
159,1287,94,4,1131.02,30
160,895,270,1,1328.49,0
161,642,240,5,1065.81,15
162,956,237,4,87.88,20
163,1145,46,1,2268.79,20
164,1260,298,3,1539.06,5
165,261,461,5,1698.9,30
166,601,65,1,1211.81,20
167,13,236,4,2518.4,30
168,174,425,1,2958.59,10
169,220,50,3,2466.71,50
170,1159,443,4,187.29,15
171,1198,379,6,2152.27,30
172,1437,74,2,1688.34,30
173,1015,459,2,2028.66,5
174,317,369,3,2967.53,10
175,14,353,4,606.1,50
176,138,310,1,2640.3,0
177,1065,105,1,315.3,5
178,51,201,5,171.68,25
179,250,248,3,2948.18,20
180,482,421,5,1840.22,10
181,900,64,6,1299.9,50
182,1303,73,1,2456.56,0
183,1347,262,2,2226.29,0
184,1120,246,2,873.66,25
185,1368,253,1,1105.18,50
186,564,358,4,2400.57,20
187,951,76,4,88.77,20
188,937,200,1,38.0,50
189,621,228,1,132.68,50
190,727,452,2,2170.58,25
191,568,184,1,1504.41,0
192,1031,463,2,2120.14,15
193,800,90,5,1969.48,0
194,721,174,6,1381.15,50
195,287,473,3,1184.82,10
196,1322,493,4,1417.9,20
197,1350,363,2,2782.6,50
198,1350,67,5,2094.82,10
199,1206,300,5,1854.34,15
200,827,16,1,2556.83,0
201,326,341,2,323.13,0
202,1392,390,4,698.45,15
203,485,373,1,2677.96,0
204,861,314,1,755.2,0
205,77,227,6,2291.24,0
206,1243,473,6,526.33,0
207,221,194,6,403.98,25
208,1306,103,5,591.18,30
209,1006,116,4,607.57,10
210,332,415,4,2371.06,30
211,177,323,5,2879.7,0
212,198,415,2,425.98,0
213,11,291,3,1642.01,20
214,148,350,3,2191.28,0
215,1492,255,6,574.46,30
216,425,257,5,1059.56,25
217,1267,411,5,206.13,0
218,876,448,6,217.25,20
219,161,153,2,307.23,30
220,1022,308,2,1623.91,0
221,47,473,-2,2485.3,10
222,800,35,-6,2617.97,15
223,324,274,3,1728.19,0
224,1061,160,5,1200.66,30
225,117,299,5,1415.58,0
226,539,17,6,1017.45,0
227,535,455,2,2295.38,15
228,286,419,2,2202.95,30
229,1359,253,1,223.37,5
230,1155,178,5,2943.26,0
231,853,476,5,246.38,50
232,1130,139,4,2171.37,0
233,214,260,1,679.61,25
234,718,156,4,2345.72,25
235,467,14,1,2321.97,0
236,402,441,5,1141.27,50
237,1401,283,6,1449.11,0
238,793,221,4,2105.51,0
239,1126,225,2,358.39,0
240,1261,100,3,1032.66,15
241,119,48,2,1767.91,5
242,466,291,4,142.11,30
243,31,417,6,175.37,5
244,117,93,2,851.37,25
245,644,336,3,2671.82,50
246,599,204,2,1438.71,50
247,251,40,6,754.35,0
248,1114,362,2,2206.98,25
249,732,366,2,911.64,25
250,752,445,5,1962.66,10
251,1079,358,3,1626.55,15
252,214,462,1,1235.45,15
253,1274,41,4,614.65,10
254,281,157,5,2227.02,5
255,432,372,1,2450.06,15
256,291,358,-1,1323.63,5
257,930,256,1,2509.79,0
258,554,197,3,904.74,50
259,174,438,1,1831.19,10
260,1015,197,1,1334.84,20
261,460,95,2,1981.48,20
262,1091,17,1,1626.94,10
263,713,387,1,2680.04,50
264,538,388,5,86.9,5
265,1487,444,5,1285.51,20
266,1494,414,6,332.08,0
267,795,440,6,2972.72,10
268,1096,294,4,2159.06,20
269,1063,492,3,1146.97,0
270,488,144,2,2399.77,0
271,562,395,1,1630.7,5
272,692,20,5,1848.56,20
273,741,401,3,1960.83,10
274,1246,158,1,1707.48,0
275,658,228,3,1390.86,0
276,901,19,1,2897.83,25
277,984,112,6,1228.79,30
278,1187,460,1,1832.93,10
279,644,93,1,777.73,25
280,566,66,3,686.12,25
281,358,336,2,153.49,50
282,235,95,6,2054.9,0
283,902,22,5,1662.46,15
284,467,500,-1,776.05,10
285,1390,368,3,138.98,30
286,481,40,3,1523.28,0
287,232,122,5,616.11,0
288,1169,37,3,1927.45,20
289,580,168,2,1822.87,0
290,738,460,3,1957.67,20
291,964,16,3,485.14,50
292,92,467,3,1775.73,0
293,218,414,5,942.75,5
294,1466,402,6,1746.55,30
295,705,426,2,1750.15,20
296,1346,196,6,2289.02,0
297,1330,491,1,2806.88,0
298,460,295,5,1892.82,30
299,857,434,5,2636.05,0
300,106,338,5,1575.72,25
301,904,100,3,2508.85,10
302,601,125,2,2398.02,15
303,742,162,2,2245.82,25
304,237,228,6,2199.73,5
305,840,181,3,1683.57,0
306,157,310,3,694.9,25
307,858,424,2,2481.22,50
308,257,398,5,2728.25,5
309,1381,311,5,784.54,0
310,588,61,3,249.11,15
311,863,295,5,1485.13,0
312,406,8,2,504.48,25
313,858,365,3,2790.72,30
314,207,427,2,1297.1,0
315,1414,68,2,1547.12,0
316,1085,182,4,386.72,20
317,1428,365,5,883.71,5
318,690,312,3,1851.81,50
319,1480,379,-1,2762.57,0
320,920,380,4,2505.24,25
321,593,376,4,554.44,0
322,1208,78,5,2687.32,0
323,1216,346,5,1949.97,15
324,777,91,3,1528.46,25
325,1205,119,3,895.56,0
326,699,266,1,2692.42,50
327,1188,147,5,971.79,20
328,653,22,2,2442.89,0
329,1498,266,2,838.38,20
330,1261,178,3,857.95,0
331,243,250,3,1319.56,10
332,347,311,3,2261.64,10
333,475,73,6,292.45,10
334,1131,15,5,1797.18,0
335,82,410,-5,589.42,30
336,1001,105,1,849.1,15
337,1170,267,4,382.91,25
338,930,367,3,2120.43,0
339,246,253,4,792.85,20
340,281,496,3,1064.39,0
341,162,373,6,227.68,5
342,321,142,5,1363.12,15
343,1051,362,-6,2065.37,0
344,79,478,4,2116.79,0
345,1068,431,3,1676.72,5
346,1283,126,1,414.94,0
347,771,136,2,1413.0,5
348,993,145,2,399.72,25
349,1301,439,1,2171.23,30
350,439,35,1,1474.62,20
351,1252,20,2,1257.39,0
352,539,324,5,1753.78,20
353,1307,272,3,1972.54,25
354,369,449,3,879.89,5
355,994,307,4,1074.6,20
356,986,113,3,341.54,0
357,589,167,4,745.95,25
358,871,238,1,2869.17,0
359,1353,357,1,1197.28,15
360,263,308,4,1238.95,25
361,481,138,1,1524.92,10
362,838,396,1,972.96,30
363,1383,201,3,2428.05,20
364,871,468,4,168.63,10
365,995,174,6,1910.62,5
366,94,210,3,667.82,25
367,342,400,5,1877.73,5
368,1257,67,5,1816.86,15
369,41,411,6,1140.67,0
370,1444,393,3,2299.21,15
371,130,266,6,635.34,0
372,1097,430,2,1609.42,0
373,1471,411,2,488.41,10
374,766,111,3,1661.09,20
375,510,433,1,64.98,0
376,1079,204,1,2375.07,30
377,87,155,2,77.61,10
378,1294,18,6,821.01,5
379,254,68,-4,2455.8,20
380,553,38,1,1516.01,0
381,1441,11,6,49.15,20
382,1110,49,5,2208.94,0
383,802,440,2,940.01,50
384,663,381,4,75.18,30
385,562,52,4,796.49,5
386,1344,193,5,877.26,25
387,191,288,2,839.28,20
388,583,260,6,737.62,30
389,36,488,4,1121.35,20
390,1120,232,6,676.06,0
391,51,229,4,1112.62,5
392,1154,171,1,435.59,10
393,1291,288,1,511.92,0
394,1004,43,5,428.29,5
395,1263,371,4,2519.75,30
396,477,130,1,1238.52,25
397,692,165,2,2068.55,0
398,1227,138,4,2072.74,0
399,1152,256,4,942.48,30
400,1336,237,2,2128.06,15
401,1054,472,5,319.61,0
402,1433,66,1,2271.88,20
403,332,86,5,596.12,0
404,233,254,1,516.31,20
405,1075,384,4,2623.27,0
406,857,152,4,357.16,0
407,603,268,6,970.55,10
408,762,73,5,874.14,0
409,1403,488,2,2144.85,50
410,1064,242,5,1391.33,10
411,677,85,6,1575.51,0
412,971,214,1,541.78,15
413,964,160,1,2105.89,0
414,409,276,6,1378.49,0
415,194,240,1,1785.39,50
416,137,453,3,681.96,30
417,1288,141,1,856.14,5
418,873,189,5,1875.38,10
419,826,278,3,1926.59,30
420,415,79,1,313.41,50
421,444,135,3,1693.16,0
422,260,331,5,2299.33,50
423,677,310,5,835.33,50
424,1262,108,6,508.46,25
425,475,476,2,2411.04,0
426,301,244,2,2624.47,0
427,663,71,1,1537.56,0
428,901,168,4,911.16,25
429,241,202,2,1135.04,30
430,790,182,6,938.73,25
431,1070,41,3,2650.44,30
432,439,365,2,432.94,10
433,896,251,5,2086.82,25
434,514,286,6,2699.79,0
435,1336,13,3,2599.08,0
436,955,373,6,1275.11,15
437,1264,196,5,1125.75,5
438,22,185,2,1580.38,25
439,12,169,5,286.85,10
440,756,472,3,43.92,30
441,560,329,1,1438.81,10
442,90,141,6,1877.68,10
443,1172,312,1,1898.56,25
444,1005,384,2,2625.44,25
445,1118,190,1,91.37,0
446,1461,446,2,2553.57,0
447,170,29,4,1332.92,0
448,1456,50,1,2574.38,15
449,569,378,2,54.94,50
450,1377,464,3,2958.88,0
451,1479,8,3,2821.93,30
452,826,34,4,582.86,0
453,1028,43,2,521.89,10
454,92,102,3,2067.71,50
455,839,160,2,824.92,0
456,719,239,1,1706.68,15
457,1427,477,1,1391.7,50
458,239,374,1,263.82,0
459,651,393,5,512.16,0
460,22,236,2,248.42,15
461,1484,429,2,2044.27,10
462,392,159,6,164.74,0
463,1446,143,3,425.58,0
464,647,428,4,568.79,5
465,409,133,2,2094.19,10
466,542,182,-1,1738.2,25
467,715,231,6,2489.35,30
468,1408,487,2,2505.0,0
469,790,292,2,635.94,30
470,1439,331,4,2433.67,15
471,592,359,2,2905.63,15
472,1130,47,6,1542.25,10
473,432,240,3,786.23,5
474,237,244,5,423.75,0
475,1202,289,3,1136.84,15
476,1206,360,1,318.32,15
477,735,216,1,1429.11,0
478,690,96,6,2739.88,0
479,628,280,2,562.55,25
480,45,234,4,1782.76,50
481,1423,243,4,2503.12,20
482,518,308,6,1016.95,15
483,1390,21,4,2912.44,10
484,480,216,5,1280.55,0
485,552,304,5,90.52,20
486,1049,454,2,1792.57,10
487,1429,488,5,2917.42,5
488,286,404,2,2879.94,15
489,186,411,3,1041.58,0
490,811,1,2,1977.53,25
491,411,158,2,245.72,10
492,484,47,2,2173.78,20
493,316,433,6,2327.95,30
494,11,177,4,304.24,0
495,1127,358,6,641.41,20
496,968,426,6,1393.13,20
497,498,66,1,958.48,20
498,274,460,4,853.17,15
499,1382,306,6,1184.58,20
500,147,343,3,2222.59,25
501,1202,454,1,1827.52,5
502,482,175,3,1506.86,15
503,4,385,5,1197.55,50
504,159,71,6,1502.35,5
505,91,223,2,283.09,10
506,787,218,6,456.49,0
507,638,18,4,786.75,25
508,864,204,2,2048.61,0
509,218,178,4,2059.77,0
510,208,412,6,2421.71,20
511,330,295,3,1523.38,0
512,1406,249,4,1963.18,0
513,1373,395,4,168.26,20
514,871,310,3,2422.34,0
515,923,400,-5,1423.27,15
516,687,58,5,2357.56,15
517,869,446,5,2025.78,20
518,308,486,1,2802.86,15
519,1209,264,3,2439.44,5
520,1491,25,4,1396.97,20
521,82,236,1,1104.48,25
522,1228,130,6,1279.98,15
523,1383,278,3,805.37,0
524,601,9,3,1343.08,20
525,610,306,6,339.49,0
526,1499,379,1,1191.66,30
527,359,49,1,382.53,30
528,297,221,6,2678.69,25
529,708,125,4,2756.73,50
530,1073,21,5,234.23,25
531,764,312,1,2930.65,0
532,1307,263,1,2940.9,20
533,162,217,3,1205.22,10
534,377,370,6,1960.42,10
535,163,407,4,578.97,0
536,535,264,3,1619.78,50
537,500,192,6,1722.14,0
538,441,383,4,2068.15,10
539,381,344,3,142.0,30
540,817,140,2,20.13,10
541,425,337,1,393.65,20
542,547,405,4,2927.81,50
543,652,116,1,59.13,5
544,665,314,2,867.05,0
545,1459,302,5,1265.19,25
546,1220,200,3,1429.43,30
547,1143,175,1,962.33,15
548,911,438,2,2229.0,25
549,432,345,5,1173.23,0
550,826,496,1,240.43,50
551,997,43,5,626.62,15
552,1085,150,3,2253.82,10
553,925,16,6,471.92,25
554,1198,181,2,1696.85,50
555,851,285,1,2233.44,10
556,481,68,4,1138.39,30
557,253,112,1,637.86,20
558,227,92,5,2595.36,10
559,822,181,5,2255.09,20
560,857,164,5,2312.65,10
561,1291,258,1,1609.2,15
562,804,254,2,2271.7,20
563,587,474,4,2620.66,0
564,820,273,3,2490.45,0
565,951,350,6,2722.31,0
566,786,499,5,1257.72,20
567,387,317,6,676.46,0
568,1249,42,5,1800.71,30
569,1500,167,4,1831.39,0
570,341,351,5,277.44,25
571,759,453,1,2370.69,50
572,798,443,5,583.13,30
573,331,371,4,2624.58,15
574,359,166,4,402.29,5
575,133,296,1,1386.23,5
576,502,228,6,2969.19,50
577,363,329,4,337.92,30
578,1238,126,3,1389.33,0
579,144,350,1,2032.23,0
580,1065,37,4,2350.21,20
581,533,62,-6,2148.81,30
582,1244,366,6,76.04,30
583,985,150,6,2435.93,0
584,1486,205,1,2151.29,15
585,1048,220,6,2363.33,25
586,213,389,2,2476.56,10
587,229,188,6,1241.61,0
588,696,408,2,1450.36,5
589,542,329,1,2082.68,15
590,939,386,6,737.96,25
591,533,353,3,1336.79,10
592,923,291,6,829.52,10
593,74,268,-2,868.85,0
594,453,186,3,2142.84,50
595,629,291,6,1903.51,0
596,974,345,6,888.16,25
597,1424,312,2,880.54,0
598,787,15,3,2553.5,5
599,1195,300,3,41.14,0
600,746,382,6,2611.35,30
601,1059,317,4,2700.51,25
602,705,301,6,2558.57,0
603,644,194,5,2596.9,15
604,994,446,6,1578.08,0
605,360,8,-4,2007.89,20
606,133,159,3,623.26,5
607,308,399,3,2187.64,50
608,245,183,6,1498.88,5
609,1167,431,6,2240.04,0
610,1074,187,2,1994.41,5
611,817,488,6,991.9,0
612,138,493,3,1606.59,30
613,1102,229,1,1702.27,0
614,508,409,2,2219.61,10
615,1413,117,6,2070.46,5
616,935,312,2,800.96,0
617,569,376,-1,2492.92,5
618,131,156,2,187.29,30
619,467,390,2,1745.9,50
620,951,452,1,2345.33,30
621,654,101,6,1437.51,0
622,906,102,1,304.13,25
623,1208,250,2,903.38,50
624,20,441,5,2715.44,20
625,1475,302,4,2418.27,5
626,1259,129,4,2264.91,0
627,1232,324,3,533.71,25
628,1039,146,4,2854.55,30
629,614,128,3,1026.72,30
630,1389,159,5,1879.64,30
631,229,4,2,961.03,25
632,1044,84,4,540.49,25
633,885,49,6,2776.26,10
634,908,422,3,552.05,30
635,223,158,2,1507.83,5
636,656,53,5,2055.82,25
637,1249,345,2,468.02,50
638,321,403,2,519.47,20
639,324,167,5,2870.34,0
640,971,404,6,1253.64,50
641,1488,478,3,792.25,5
642,622,157,3,1004.5,0
643,725,231,6,927.51,15
644,1154,3,4,2287.86,20
645,828,182,1,1939.15,20
646,287,10,4,2456.51,10
647,415,151,2,2498.49,10
648,49,405,3,1150.31,20
649,1143,409,5,648.86,5
650,1031,55,4,227.91,10
651,329,483,3,2165.19,25
652,963,353,1,2879.4,20
653,1447,144,4,2960.85,5
654,1201,52,4,173.06,0
655,702,190,3,1317.18,30
656,583,69,1,2643.14,25
657,152,423,3,459.56,20
658,309,294,5,603.98,10
659,181,168,-4,1720.34,5
660,1354,272,3,2452.84,30
661,1413,396,1,2310.87,0
662,1433,491,6,2561.03,15
663,914,95,6,967.2,5
664,467,171,4,600.96,15
665,1442,310,3,2244.21,10
666,48,329,2,1235.28,0
667,812,426,4,1587.55,0
668,1050,290,3,1314.43,0
669,66,405,5,1618.73,15
670,579,325,5,205.99,15
671,155,499,5,1677.08,0
672,231,409,5,1542.93,0
673,180,313,5,1952.27,25
674,391,419,-1,834.21,20
675,925,334,6,994.64,0
676,373,174,6,1364.87,50
677,1419,456,6,69.34,20
678,1178,320,3,2485.53,0
679,39,166,1,1284.31,5
680,531,346,2,2304.5,50
681,1091,395,4,2465.47,5
682,727,79,6,570.6,50
683,304,93,2,307.18,10
684,1093,400,5,386.33,0
685,714,446,1,949.43,15
686,472,104,6,912.27,5
687,869,480,3,2760.04,5
688,728,450,1,2697.14,0
689,901,14,1,1334.64,20
690,428,229,4,1318.45,0
691,407,303,2,2444.43,20
692,191,468,2,1737.02,30
693,1058,388,1,632.87,0
694,1002,184,6,2250.3,50
695,649,108,4,2955.53,5
696,1039,131,3,1528.66,25
697,936,195,1,2411.22,0
698,820,185,1,2837.47,15
699,134,118,4,2999.12,10
700,173,449,6,1416.73,20
701,563,24,6,426.5,15
702,510,5,2,388.21,50
703,319,391,2,121.78,25
704,1222,191,2,1854.58,10
705,323,90,4,2809.19,0
706,311,187,6,2637.84,0
707,225,255,2,616.21,0
708,827,466,6,2525.07,15
709,1274,402,3,82.36,0
710,59,377,4,2616.72,0
711,835,194,1,2288.69,30
712,1480,81,5,304.85,0
713,715,215,2,2964.63,0
714,231,213,4,2569.14,25
715,1100,439,4,1811.8,0
716,1305,244,1,1411.11,10
717,527,337,2,1622.26,15
718,1257,245,6,1480.94,0
719,1170,113,2,1546.63,0
720,293,381,2,288.89,0
721,828,54,3,753.09,50
722,514,169,-2,2132.83,10
723,947,267,6,1553.13,50
724,547,217,2,1127.44,15
725,298,383,5,2718.51,0
726,789,407,6,597.7,0
727,374,325,1,107.17,0
728,488,166,2,40.08,20
729,985,97,4,1888.0,15
730,1183,110,4,1362.31,25
731,539,61,5,2236.16,25
732,1343,173,5,2990.07,15
733,382,414,3,2616.55,15
734,1125,343,4,2569.36,0
735,1064,401,3,1099.44,0
736,1316,65,1,288.28,30
737,937,282,1,2139.52,0
738,259,232,3,1311.31,10
739,170,204,5,2460.98,0
740,1047,431,2,2043.32,0
741,35,270,2,1804.8,15
742,311,269,5,145.75,30
743,1092,118,3,2082.62,30
744,1088,82,2,304.91,15
745,340,116,6,2530.5,50
746,1467,483,2,2865.62,30
747,869,26,2,2877.38,10
748,821,462,3,1567.64,20
749,863,165,4,412.68,25
750,615,129,1,2126.48,0
751,1369,473,3,2201.71,5
752,1217,387,1,1234.07,0
753,295,392,4,2916.42,0
754,497,331,-4,1259.93,0
755,1212,428,2,1054.47,5
756,464,458,3,1207.31,0
757,1487,484,6,2018.59,50
758,422,345,4,830.03,0
759,671,267,1,936.93,0
760,211,242,6,700.38,50
761,898,278,3,2230.02,0
762,931,451,2,2937.08,0
763,1475,487,3,2963.94,10
764,782,321,3,1402.24,0
765,1199,389,2,876.87,25
766,1071,375,1,1811.93,0
767,1227,446,3,2550.65,5
768,1013,216,6,174.67,20
769,216,464,3,758.75,10
770,1041,342,3,2509.71,20
771,731,52,1,2140.72,0
772,995,254,2,668.06,50
773,889,54,6,2991.92,10
774,1452,311,4,2513.05,30
775,770,446,5,2776.1,30
776,784,56,1,1773.08,50
777,1317,49,1,356.83,50
778,489,345,3,2129.37,50
779,1237,368,4,2234.21,20
780,712,437,6,1384.93,25
781,1071,417,1,2416.64,20
782,885,111,6,1702.96,0
783,50,51,6,880.37,15
784,845,435,1,2673.38,25
785,735,181,6,2920.87,15
786,510,402,3,148.16,25
787,939,394,6,2381.95,10
788,429,332,5,969.03,30
789,822,433,3,1502.01,0
790,183,316,3,1617.01,15
791,467,52,3,2742.94,10
792,186,161,6,1867.29,20
793,1310,104,2,797.72,20
794,1449,173,4,2418.66,15
795,741,166,2,52.7,0
796,389,466,5,1520.83,10
797,1316,388,5,1681.96,10
798,365,357,4,232.43,50
799,192,469,1,2631.41,50
800,829,367,3,1023.79,0
801,725,472,4,1158.79,0
802,602,498,5,251.22,50
803,461,126,4,1646.22,0
804,1368,254,3,677.28,0
805,1424,449,2,681.37,5
806,1327,7,2,893.9,0
807,43,430,5,1319.65,25
808,1140,99,5,1239.91,50
809,1063,322,5,1728.49,20
810,793,362,6,2391.41,10
811,746,190,3,1096.72,20
812,481,183,3,235.74,30
813,1420,441,2,2483.21,15
814,1439,297,-2,390.65,30
815,1040,275,6,943.89,25
816,1238,368,2,2107.92,15
817,1135,138,2,1724.91,25
818,109,225,4,1493.91,50
819,894,12,1,1682.08,0
820,1145,459,6,1046.07,0
821,1447,350,2,1066.46,0
822,1473,130,3,2842.32,50
823,1491,252,1,1295.34,50
824,274,339,4,1359.07,5
825,1103,170,6,701.53,10
826,1041,393,4,1621.14,0
827,1396,442,5,25.29,15
828,1249,301,1,363.45,15
829,146,272,5,1244.07,0
830,331,128,6,2939.45,5
831,368,333,2,2786.83,0
832,1493,46,1,287.01,15
833,827,413,5,1225.68,20
834,1427,434,4,1033.17,0
835,197,91,3,2123.25,15
836,517,95,4,785.21,0
837,411,332,2,1900.86,15
838,696,269,4,777.01,0
839,1242,31,1,2049.72,30
840,196,494,2,2955.46,0
841,26,197,1,922.26,15
842,1164,440,5,212.82,15
843,354,256,2,549.45,50
844,448,447,3,2051.13,0
845,317,294,5,534.9,15
846,903,260,6,450.81,0
847,912,20,1,2806.2,50
848,247,56,3,1050.42,10
849,370,86,5,2701.19,30
850,1020,80,2,2992.04,50
851,691,426,4,1169.59,30
852,918,34,1,1018.34,30
853,749,492,2,2453.67,5
854,386,184,4,180.58,0
855,984,51,6,2544.08,50
856,187,467,6,1584.38,15
857,1178,268,6,1185.58,30
858,1119,145,6,964.35,5
859,918,484,2,1880.89,10
860,828,43,4,1473.94,20
861,1007,288,1,1454.89,15
862,797,403,3,2313.37,25
863,1401,271,6,2494.62,0
864,386,457,1,1764.47,10
865,1170,329,5,944.39,0
866,99,25,5,2900.47,0
867,789,494,-2,1615.6,15
868,1402,269,4,2548.42,30
869,1042,467,3,647.41,0
870,937,365,2,964.33,5
871,1463,106,2,1715.58,25
872,1256,473,1,1147.56,0
873,1412,3,1,2713.67,10
874,1351,200,3,2480.58,0
875,762,80,-4,429.3,0
876,505,452,5,2766.92,10
877,1394,105,-5,2821.12,10
878,1339,210,6,2072.39,10
879,852,143,4,2528.69,20
880,389,308,4,36.24,10
881,1419,357,4,2302.54,0
882,264,37,6,1914.6,5
883,237,35,2,554.16,25
884,671,490,2,2044.31,10
885,1424,275,4,862.88,10
886,1168,390,3,362.61,0
887,414,434,1,1496.41,30
888,261,241,5,1439.07,0
889,229,427,2,1167.25,0
890,172,124,6,1310.67,0
891,760,227,4,1793.02,0
892,85,393,6,2923.65,30
893,431,23,6,1708.56,15
894,313,472,3,530.71,10
895,947,201,2,1143.2,0
896,598,116,5,555.97,0
897,399,13,3,2614.66,25
898,143,271,2,866.98,50
899,330,494,2,956.07,30
900,229,210,6,1556.55,0
901,36,371,5,2798.74,0
902,759,462,1,315.86,0
903,479,2,1,1690.32,20
904,794,439,5,677.43,0
905,1287,280,1,226.4,50
906,1329,331,4,1161.23,50
907,1405,231,5,2731.17,20
908,487,314,6,753.88,25
909,1304,471,4,2696.24,25
910,931,115,5,437.5,15
911,1305,494,6,2902.27,0
912,527,379,2,67.71,15
913,615,236,2,1234.06,0
914,1109,65,2,2521.21,20
915,723,216,2,2651.45,20
916,944,228,6,2857.36,25
917,950,167,3,1997.79,15
918,273,106,6,741.79,30
919,1460,100,2,2844.27,50
920,1494,187,6,2701.56,50
921,1123,330,4,924.16,15
922,805,56,2,1630.77,25
923,927,212,3,157.4,50
924,445,456,3,474.37,30
925,788,93,5,2829.88,20
926,49,198,6,1704.34,5
927,353,394,3,471.79,50
928,824,78,5,1236.81,5
929,960,391,2,2794.1,0
930,648,272,5,2207.28,50
931,73,403,6,200.75,0
932,44,170,1,2558.54,0
933,642,381,3,456.06,5
934,437,186,3,1871.58,0
935,647,244,5,1019.17,25
936,359,52,3,2408.0,10
937,328,213,2,359.73,0
938,1267,288,4,1659.2,0
939,962,354,6,2544.74,10
940,511,466,1,1337.49,0
941,81,243,2,1141.21,20
942,350,353,1,2963.38,50
943,743,293,4,549.59,50
944,41,177,4,2657.38,50
945,175,91,3,409.16,0
946,615,470,6,452.71,20
947,1370,150,2,2135.67,15
948,171,410,3,1486.78,50
949,1274,87,5,1098.82,20
950,518,144,2,2946.2,30
951,49,464,4,504.81,15
952,1330,135,2,1349.55,10
953,887,140,3,2251.24,0
954,1345,171,4,1656.07,0
955,268,377,5,1723.09,0
956,620,464,4,1413.01,5
957,796,357,1,1128.55,10
958,752,209,5,2123.31,20
959,272,283,3,582.75,10
960,577,468,3,1352.37,0
961,1376,442,1,1528.83,15
962,233,413,1,2287.38,0
963,498,192,1,199.55,0
964,1172,443,2,230.86,0
965,1481,446,1,2727.19,15
966,145,321,2,2897.1,50
967,944,403,6,1996.49,15
968,1255,361,1,420.45,0
969,167,368,2,2854.42,0
970,8,108,4,154.75,5
971,163,321,4,1590.35,15
972,975,310,2,2120.29,25
973,961,443,3,2583.39,50
974,907,4,2,243.28,30
975,405,450,3,1628.29,0
976,388,360,6,2286.19,0
977,386,388,2,2975.98,15
978,333,152,4,1806.65,50
979,1038,112,6,1282.44,10
980,707,272,6,25.91,5
981,1400,387,3,487.99,10
982,127,177,1,2708.57,25
983,124,41,5,2023.73,20
984,1467,382,4,2025.13,0
985,653,358,5,2044.84,15
986,1389,135,1,2182.81,50
987,654,381,4,2433.84,15
988,759,391,4,1469.82,10
989,1119,117,6,1763.75,5
990,88,210,6,1397.51,15
991,946,238,3,2606.7,20
992,952,73,4,2214.89,0
993,790,448,4,422.6,0
994,649,205,4,1100.3,0
995,890,78,6,1780.85,0
996,377,9,2,1176.92,0
997,307,102,3,69.93,15
998,804,425,2,2865.81,10
999,1126,98,3,1462.17,5
1000,1483,223,4,2842.26,20
1001,328,181,4,2884.51,0
1002,138,312,3,871.52,25
1003,482,412,5,653.13,25
1004,1005,324,1,480.01,10
1005,1292,220,3,1836.82,50
1006,1227,145,2,1026.59,30
1007,765,190,6,1698.16,0
1008,970,229,1,1113.18,0
1009,505,353,2,704.15,15
1010,641,403,6,845.19,25
1011,698,358,5,587.16,15
1012,261,498,3,2734.59,50
1013,1451,122,5,2440.9,50
1014,511,241,4,2672.22,50
1015,642,197,5,2251.83,0
1016,1278,271,3,1475.37,0
1017,1235,35,6,1351.21,10
1018,396,187,3,2544.08,0
1019,121,115,4,1901.04,5
1020,671,248,3,1687.82,50
1021,559,161,3,1816.29,25
1022,1099,491,2,2771.51,5
1023,1240,376,1,186.39,10
1024,400,145,5,748.44,30
1025,771,153,4,786.66,0
1026,296,15,3,1956.65,0
1027,864,239,1,2328.51,15
1028,303,285,4,475.15,20
1029,910,480,3,824.29,0
1030,566,233,2,857.86,50
1031,1202,490,2,55.78,15
1032,108,245,3,1109.62,30
1033,646,282,-6,81.27,20
1034,890,203,6,538.11,15
1035,1256,166,1,1699.02,10
1036,1165,29,1,2169.72,30
1037,1462,33,2,2781.21,25
1038,287,268,2,494.33,0
1039,1462,387,2,1084.15,0
1040,732,212,3,1034.0,0
1041,143,280,4,191.14,20
1042,853,356,6,469.18,20
1043,184,82,2,350.17,25
1044,535,29,2,1936.05,5
1045,1143,330,1,2529.47,0
1046,462,22,4,660.91,0
1047,477,257,2,961.78,0
1048,794,10,6,1533.19,20
1049,594,343,4,2145.65,0
1050,850,21,5,604.37,0
1051,74,299,2,1476.94,5
1052,716,298,6,2645.53,0
1053,1043,109,2,461.01,20
1054,16,145,6,800.61,50
1055,767,82,5,2505.29,20
1056,1245,101,3,984.54,15
1057,534,334,4,859.72,0
1058,60,496,4,1955.97,50
1059,1049,95,4,342.52,5
1060,794,103,1,2280.48,5
1061,612,454,6,1781.81,5
1062,622,28,3,1945.25,25
1063,471,112,-5,1535.74,10
1064,635,425,1,546.85,5
1065,684,485,2,2161.23,25
1066,1475,201,3,1807.43,25
1067,339,288,4,1792.24,25
1068,1367,316,2,326.25,0
1069,1,26,1,2572.21,50
1070,562,228,1,1147.36,10
1071,1164,28,2,1107.31,0
1072,1323,380,2,2629.95,20
1073,156,335,3,72.07,20
1074,72,73,1,791.86,10
1075,420,451,1,2793.47,0
1076,976,58,2,262.86,0
1077,481,356,-4,1674.55,50
1078,554,246,1,194.54,50
1079,1417,34,2,1195.63,5
1080,773,255,1,1300.3,0
1081,954,499,4,44.74,0
1082,91,492,6,2309.75,0
1083,576,369,6,1440.12,10
1084,548,494,1,2616.61,10
1085,481,415,6,10.84,25
1086,1332,428,1,2571.71,50
1087,1145,406,6,698.41,25
1088,97,46,3,1796.16,15
1089,935,84,4,1122.94,30
1090,761,277,6,441.36,30
1091,1310,90,3,1742.73,20
1092,763,393,4,880.89,15
1093,1378,209,4,1084.18,30
1094,885,130,1,2654.89,50
1095,682,231,3,2262.34,25
1096,1394,176,2,1521.53,0
1097,1281,175,2,1622.93,50
1098,327,418,5,2377.87,0
1099,1420,422,4,1259.83,0
1100,230,22,5,1561.11,30
1101,1179,479,1,1653.59,10
1102,338,351,6,2130.71,5
1103,686,167,4,2196.9,0
1104,765,268,5,1972.39,20
1105,805,180,2,2250.73,50
1106,1409,328,-1,1933.49,5
1107,319,367,6,6.79,5
1108,1034,74,1,2747.95,25
1109,1424,387,3,1221.33,5
1110,429,488,5,2444.41,0
1111,49,152,1,367.62,0
1112,381,35,6,764.03,0
1113,244,339,4,1211.99,15
1114,1430,176,5,1166.3,10
1115,427,318,3,1771.12,20
1116,980,304,6,130.42,50
1117,1007,164,1,1057.73,25
1118,524,441,6,2394.51,25
1119,1104,353,1,1763.44,20
1120,719,14,6,1143.0,25
1121,999,130,1,1633.49,25
1122,170,233,-2,1142.65,0
1123,691,241,2,107.85,50
1124,635,111,5,1843.08,25
1125,195,304,1,2588.84,0
1126,58,36,5,1508.71,25
1127,949,199,3,2404.92,50
1128,1098,130,6,1759.05,0
1129,1430,90,5,2707.27,25
1130,601,149,2,1805.36,0
1131,874,496,1,2512.94,0
1132,408,128,4,22.05,25
1133,1340,23,2,910.32,20
1134,458,433,3,1482.59,50
1135,1462,52,4,497.48,0
1136,271,289,6,75.92,50
1137,1017,11,3,2126.68,20
1138,1421,55,3,1258.78,30
1139,69,286,3,2107.63,20
1140,138,135,1,2633.95,0
1141,1362,206,3,1523.81,25
1142,499,13,2,490.18,0
1143,1169,229,2,1981.29,5
1144,1119,135,3,1436.25,30
1145,1345,212,2,351.97,50
1146,82,76,2,904.53,5
1147,1437,191,4,184.68,0
1148,25,341,1,801.33,30
1149,1087,451,1,2435.33,10
1150,655,411,2,644.62,25
1151,1360,246,4,646.3,25
1152,354,325,4,1882.95,30
1153,146,440,2,1532.05,0
1154,140,38,4,1700.64,30
1155,506,430,6,1878.74,20
1156,462,31,3,2258.35,20
1157,88,15,3,581.85,20
1158,1488,231,3,1821.28,20
1159,461,246,6,1846.61,0
1160,1044,124,4,1798.94,0
1161,590,222,4,1801.47,0
1162,855,44,1,2114.9,30
1163,299,190,6,835.78,0
1164,576,156,4,2509.79,15
1165,1240,438,3,2845.75,10
1166,1048,388,4,2614.12,20
1167,1410,473,5,2048.14,30
1168,1228,71,6,1410.64,50
1169,187,500,6,1030.52,25
1170,1059,129,5,1889.22,0
1171,556,263,3,687.39,50
1172,664,98,2,1048.8,50
1173,628,266,2,2029.92,15
1174,571,218,3,2010.71,50
1175,386,411,5,2310.88,0
1176,605,365,2,1630.61,15
1177,658,298,2,1562.74,25
1178,241,327,6,744.85,10
1179,1225,94,6,2662.38,15
1180,1018,201,3,1455.61,5
1181,555,276,5,1027.49,25
1182,522,130,5,377.67,0
1183,772,2,5,204.31,20
1184,522,479,4,2972.61,25
1185,1196,291,3,1264.38,30
1186,545,322,1,2945.18,20
1187,1220,224,1,1163.72,25
1188,245,63,2,1087.2,0
1189,112,143,1,326.85,0
1190,1097,402,3,292.19,0
1191,1407,21,4,2674.48,5
1192,1161,58,1,1016.13,0
1193,1279,146,6,1292.26,10
1194,473,310,2,1714.0,50
1195,547,431,5,712.91,15
1196,48,163,5,2288.24,50
1197,352,278,4,1850.81,5
1198,329,380,1,1844.33,50
1199,553,49,4,742.35,0
1200,833,236,2,1830.77,5
1201,356,55,2,14.49,10
1202,1375,297,3,2583.38,20
1203,792,119,4,305.6,5
1204,168,227,4,455.4,25
1205,788,12,5,1626.09,20
1206,557,224,2,2369.82,25
1207,1074,11,3,1499.6,15
1208,1261,311,4,620.38,25
1209,296,308,6,2511.63,0
1210,1400,404,4,1215.0,0
1211,447,208,3,826.05,15
1212,1465,195,3,1803.3,5
1213,962,125,1,1938.2,50
1214,133,200,4,1717.11,0
1215,737,252,4,1311.69,0
1216,913,224,4,768.5,0
1217,469,467,-3,2991.31,15
1218,981,113,2,2561.67,0
1219,1321,272,5,2431.38,50
1220,75,25,4,2283.33,15
1221,185,48,6,1848.27,0
1222,1133,41,-1,1578.14,10
1223,523,151,4,429.19,0
1224,893,118,3,1231.35,0
1225,342,119,5,2616.07,0
1226,1272,336,1,2350.39,50
1227,361,241,3,2826.34,30
1228,344,414,2,2884.22,0
1229,1235,35,6,2319.64,0
1230,552,64,2,2338.28,30
1231,1134,79,3,1603.3,0
1232,383,167,2,2566.94,0
1233,558,257,5,1516.01,0
1234,117,86,4,149.79,0
1235,320,442,2,1828.86,5
1236,753,237,5,741.14,10
1237,359,366,6,748.4,0
1238,1311,35,5,2948.65,0
1239,279,236,1,1589.03,10
1240,1004,282,6,1626.7,20
1241,828,493,5,1943.82,25
1242,1065,296,3,2156.48,50
1243,830,480,3,1226.0,30
1244,1031,413,4,114.07,0
1245,151,432,5,898.83,15
1246,1238,193,4,902.06,20
1247,49,102,3,2252.18,25
1248,442,231,4,2596.27,0
1249,287,203,6,737.25,10
1250,34,130,2,1462.89,25
1251,956,191,6,2647.74,25
1252,949,492,2,158.78,20
1253,299,152,6,1125.24,0
1254,718,455,4,1962.03,20
1255,888,151,1,1067.55,50
1256,1050,21,5,2802.26,25
1257,982,170,1,584.47,15
1258,1038,52,2,442.09,0
1259,1457,31,5,78.93,10
1260,448,191,6,77.3,30
1261,827,236,3,1044.04,50
1262,669,27,3,2404.67,15
1263,1200,389,1,1465.11,25
1264,1053,374,1,2248.07,30
1265,1037,478,1,2475.02,0
1266,677,375,6,2169.02,25
1267,548,391,2,2745.41,0
1268,191,142,5,1186.23,20
1269,86,7,1,2860.91,10
1270,399,100,4,1255.68,50
1271,311,291,4,769.17,30
1272,432,84,1,2577.23,0
1273,544,403,6,202.94,25
1274,960,59,2,244.51,25
1275,942,373,3,2938.48,50
1276,961,286,3,1646.04,50
1277,678,270,6,471.02,15
1278,1397,267,6,2049.39,50
1279,1217,418,2,71.56,5
1280,990,482,3,1528.96,15
1281,1022,27,6,2856.54,20
1282,616,422,3,448.18,0
1283,458,238,2,2716.0,5
1284,202,259,6,1092.16,30
1285,819,170,4,900.76,50
1286,497,247,2,2845.73,50
1287,1358,475,1,2668.47,15
1288,893,79,4,1245.6,20
1289,63,61,3,927.48,15
1290,997,302,4,646.02,20
1291,881,125,2,1833.67,10
1292,338,307,3,984.79,0
1293,772,43,1,251.52,0
1294,18,220,2,1480.48,30
1295,190,27,6,11.25,0
1296,364,150,1,2951.18,0
1297,752,342,-6,1718.13,15
1298,83,170,2,304.41,10
1299,1194,315,1,5.64,0
1300,394,422,2,2980.48,20
1301,221,150,3,1848.23,50
1302,1078,146,1,420.15,50
1303,947,81,5,1932.17,10
1304,1434,255,5,1821.42,0
1305,1412,202,3,2557.21,0
1306,1362,415,2,1360.26,25
1307,1043,335,3,2118.44,10
1308,822,407,4,2953.87,5
1309,634,108,6,725.84,15
1310,305,19,6,242.96,0
1311,1204,56,1,2994.69,0
1312,259,145,-2,2312.25,0
1313,1409,123,3,2157.33,50
1314,892,477,4,1934.71,0
1315,1376,155,5,2812.62,50
1316,430,187,4,473.81,0
1317,393,26,3,98.98,0
1318,517,417,4,1495.36,0
1319,1349,231,4,403.05,15
1320,670,338,6,947.79,20
1321,1161,4,6,2608.18,0
1322,337,48,3,1463.25,20
1323,686,453,2,425.32,0
1324,1051,491,5,837.2,25
1325,415,214,6,120.16,0
1326,19,365,6,1032.17,15
1327,1260,2,-3,318.27,15
1328,1027,76,2,1000.89,5
1329,1349,141,6,1594.95,30
1330,1083,475,5,1838.61,50
1331,891,233,6,2892.61,0
1332,1211,276,5,2990.39,10
1333,935,171,1,58.66,10
1334,1207,243,6,2489.51,0
1335,855,293,4,696.68,50
1336,646,231,5,797.78,5
1337,1336,343,1,2713.62,5
1338,521,3,4,1594.57,10
1339,84,123,2,1193.96,25
1340,881,411,1,2410.84,0
1341,1097,9,5,1507.75,20
1342,1311,340,3,158.33,50
1343,1189,339,2,1659.32,30
1344,238,288,2,2178.54,20
1345,363,8,5,2056.83,5
1346,164,485,3,1442.19,5
1347,204,87,2,1974.08,10
1348,1376,83,3,2718.33,20
1349,418,186,6,297.32,0
1350,592,355,3,1648.3,30
1351,141,448,1,368.72,0
1352,7,399,2,2312.17,0
1353,554,392,2,1356.62,0
1354,249,239,5,1534.78,30
1355,986,143,6,2357.56,50
1356,730,91,1,1166.7,15
1357,388,372,5,59.59,10
1358,1271,84,1,441.71,0
1359,329,100,5,1438.68,30
1360,1294,175,3,2561.25,0
1361,886,398,1,2436.37,30
1362,435,318,2,1914.28,5
1363,1201,500,6,2979.1,0
1364,465,286,6,2313.66,25
1365,794,102,3,2700.41,15
1366,75,2,4,1714.96,5
1367,36,333,6,1019.48,15
1368,16,44,3,406.57,25
1369,197,288,5,2299.54,30
1370,1215,254,2,1662.99,25
1371,1130,62,6,1876.71,15
1372,67,126,6,939.61,15
1373,872,440,3,324.19,0
1374,615,357,6,778.55,0
1375,778,175,2,2549.96,10
1376,153,39,5,1497.37,15
1377,615,14,4,2943.86,0
1378,672,446,2,416.59,0
1379,1076,437,5,304.87,50
1380,233,394,1,1004.69,10
1381,254,109,2,1748.77,50
1382,162,142,2,937.91,0
1383,1127,416,5,2139.88,0
1384,1183,153,6,2719.43,30
1385,1348,459,3,1213.93,0
1386,84,48,3,1975.4,20
1387,552,71,6,210.9,0
1388,1205,457,1,1433.55,0
1389,961,278,3,325.14,20
1390,326,459,5,2383.35,30
1391,168,95,3,1947.21,0
1392,1166,323,6,2437.68,0
1393,964,87,2,2214.9,0
1394,1398,209,5,20.83,5
1395,1072,407,3,2190.9,50
1396,385,122,4,182.82,30
1397,433,99,5,2475.95,20
1398,600,208,3,2921.3,0
1399,843,138,5,750.85,10
1400,256,131,6,1946.77,20
1401,1020,208,-1,1774.26,0
1402,519,296,6,557.15,0
1403,1313,496,5,2014.72,0
1404,272,119,6,2994.44,0
1405,96,351,6,1187.18,0
1406,447,295,3,13.44,0
1407,431,425,6,2090.19,0
1408,847,106,1,1343.99,15
1409,302,445,6,1109.43,0
1410,842,349,4,828.82,30
1411,1359,106,2,1170.69,0
1412,386,251,6,1469.3,5
1413,561,130,4,14.16,0
1414,950,401,2,2667.37,0
1415,123,269,6,870.77,25
1416,847,73,1,853.92,10
1417,363,243,4,2358.16,0
1418,1085,233,1,1046.79,50
1419,1320,103,2,2066.85,25
1420,565,139,4,485.57,20
1421,452,9,4,2344.12,0
1422,1322,113,4,2959.55,20
1423,1130,57,5,806.69,0
1424,760,354,5,301.01,10
1425,1349,383,5,1214.13,10
1426,129,124,5,2696.83,0
1427,517,439,2,1842.71,30
1428,1086,271,2,15.1,25
1429,41,215,3,1706.01,30
1430,3,96,4,329.86,5
1431,628,129,-6,2089.6,20
1432,557,322,5,1208.85,5
1433,1233,183,5,292.79,50
1434,967,456,5,738.43,5
1435,94,242,3,2277.98,15
1436,1091,117,3,1295.32,25
1437,1152,53,1,1697.65,0
1438,281,444,2,136.41,20
1439,957,379,4,222.45,30
1440,1395,368,5,411.49,25
1441,440,50,2,114.66,15
1442,24,62,5,2973.99,20
1443,1317,458,5,631.21,25
1444,698,61,2,285.06,50
1445,513,383,5,1889.18,30
1446,494,353,1,834.86,25
1447,343,475,6,2526.93,0
1448,444,52,4,270.69,15
1449,1194,143,2,5.28,50
1450,1427,386,3,1359.81,15
1451,1426,379,2,297.05,0
1452,1285,342,5,829.4,0
1453,353,378,-2,140.39,5
1454,368,102,2,402.22,5
1455,944,116,1,1857.85,25
1456,65,188,1,1883.26,5
1457,614,79,6,2065.31,20
1458,326,4,4,518.27,20
1459,72,351,5,2529.51,0
1460,861,392,1,476.82,0
1461,150,56,2,1306.68,20
1462,1433,366,2,1563.18,10
1463,1137,487,6,2703.24,30
1464,1212,454,5,1361.9,15
1465,1218,111,5,2861.09,50
1466,871,429,2,2385.18,50
1467,572,311,3,646.37,10
1468,42,152,2,1129.7,20
1469,1097,448,4,1746.3,0
1470,1423,118,2,2212.33,0
1471,1093,246,1,1186.85,30
1472,1331,28,5,1556.27,0
1473,1104,124,2,2724.46,0
1474,1042,453,5,227.15,30
1475,1104,174,5,1577.6,0
1476,192,171,3,1648.98,10
1477,366,252,1,2551.48,20
1478,421,358,2,1910.57,5
1479,1061,227,2,218.95,50
1480,1477,42,6,2214.53,30
1481,660,349,-4,832.55,0
1482,692,392,1,39.53,0
1483,56,442,6,2429.74,0
1484,63,85,1,2273.89,15
1485,1305,43,5,2065.43,0
1486,985,402,1,2683.41,25
1487,1327,404,3,1894.38,0
1488,1239,181,1,941.97,0
1489,1377,331,1,873.14,30
1490,599,44,3,1639.6,0
1491,303,277,5,1432.95,50
1492,1006,78,5,531.3,0
1493,592,404,5,132.17,50
1494,778,260,4,1306.9,0
1495,54,26,1,13.37,50
1496,536,177,2,1911.82,20
1497,182,141,3,1592.46,30
1498,830,63,4,711.23,50
1499,306,117,3,2972.05,30
1500,757,188,6,933.83,0
1501,349,374,5,130.41,20
1502,1463,28,1,1223.16,25
1503,493,439,4,1844.56,50
1504,943,403,5,2996.23,15
1505,1279,95,6,381.67,30
1506,125,476,3,371.62,0
1507,803,64,3,2671.16,30
1508,1084,134,6,1878.61,0
1509,530,281,6,2845.59,0
1510,1021,100,2,1137.37,30
1511,385,205,5,807.06,0
1512,318,73,6,2091.45,0
1513,1268,372,6,516.76,10
1514,1171,209,6,896.27,10
1515,43,388,2,2152.39,20
1516,755,221,6,645.55,30
1517,635,237,3,2620.97,0
1518,800,81,3,1067.25,20
1519,766,96,3,1212.82,0
1520,470,175,6,1632.69,15
1521,383,492,3,2597.08,5
1522,1494,241,1,1134.93,0
1523,843,263,3,1729.25,10
1524,1087,396,5,681.47,0
1525,224,285,3,2093.73,5
1526,1063,170,2,2177.86,10
1527,275,426,4,2093.09,50
1528,1380,20,6,872.64,15
1529,1309,123,1,617.9,10
1530,443,100,2,2486.43,15
1531,528,453,5,2128.09,15
1532,809,414,6,428.54,5
1533,210,365,1,1801.57,0
1534,1078,279,4,149.75,0
1535,407,47,2,1894.47,50
1536,406,69,4,1217.96,5
1537,662,452,2,1222.91,0
1538,72,490,6,256.18,0
1539,1254,389,5,2885.29,25
1540,798,492,1,1504.55,25
1541,834,457,5,30.1,30
1542,379,416,2,93.05,0
1543,219,58,3,1651.47,20
1544,1224,126,5,2066.75,0
1545,684,136,4,2189.14,25
1546,1221,470,1,14.21,20
1547,1272,201,6,1106.88,5
1548,709,40,2,937.13,0
1549,146,328,1,2316.74,30
1550,588,150,1,681.4,30
1551,814,176,5,2515.01,25
1552,1202,100,2,515.95,20
1553,1481,311,2,1807.88,5
1554,303,232,1,828.68,5
1555,692,48,4,769.17,0
1556,75,67,6,1561.44,10
1557,835,425,6,1103.67,0
1558,44,253,-3,2807.1,5
1559,878,266,4,2082.59,0
1560,239,219,6,2342.02,0
1561,37,448,1,2970.82,5
1562,1066,200,2,1196.5,15
1563,1245,198,1,466.21,0
1564,934,482,1,2236.76,15
1565,205,131,2,2692.99,5
1566,729,261,1,1653.12,20
1567,894,249,5,1881.0,0
1568,994,330,4,2707.74,30
1569,1273,426,2,795.03,30
1570,83,156,1,2689.6,5
1571,11,400,5,586.24,25
1572,612,442,2,2002.98,25
1573,1127,70,6,1225.33,30
1574,435,315,2,2172.95,15
1575,110,232,1,2074.87,15
1576,37,260,5,1107.89,0
1577,1157,412,5,871.6,0
1578,1176,366,2,2986.11,0
1579,523,207,5,2269.88,0
1580,1447,483,5,1879.76,50
1581,1279,446,5,2342.65,20
1582,608,389,5,1802.93,50
1583,1495,46,6,2668.01,25
1584,606,402,2,1101.71,30
1585,787,128,6,445.06,50
1586,1158,11,1,2318.04,10
1587,635,406,5,2924.69,50
1588,399,56,2,558.94,5
1589,457,398,3,2907.48,0
1590,828,492,5,2812.9,30
1591,836,286,5,1421.57,0
1592,816,235,6,2292.56,0
1593,63,90,6,2249.08,25
1594,634,267,-5,1822.16,5
1595,668,465,6,1088.6,50
1596,500,337,5,2691.71,0
1597,36,460,3,1037.33,0
1598,835,73,6,2707.23,0
1599,1160,175,5,94.67,20
1600,302,391,4,1079.37,50
1601,1386,339,2,801.79,20
1602,1128,194,4,1037.43,50
1603,1291,8,1,1687.57,5
1604,873,393,1,574.91,0
1605,1083,173,3,2941.52,50
1606,247,398,3,804.81,5
1607,1109,301,2,2389.87,5
1608,637,321,5,2697.49,10
1609,61,386,2,675.09,25
1610,14,223,6,1803.18,30
1611,798,60,1,2501.96,0
1612,793,39,5,248.24,5
1613,396,422,5,2908.63,15
1614,53,193,1,1585.8,0
1615,1254,42,6,882.64,10
1616,1243,28,1,1362.15,15
1617,363,101,6,2616.16,30
1618,908,322,6,435.23,20
1619,1495,327,3,843.0,5
1620,35,227,4,1798.51,25
1621,801,366,2,2829.08,0
1622,287,391,6,2589.73,20
1623,1376,71,2,1036.93,50
1624,1138,372,1,1878.04,25
1625,972,83,4,1698.44,0
1626,1233,12,1,1194.85,10
1627,1074,135,6,206.14,30
1628,400,233,2,700.18,5
1629,272,367,3,2792.18,15
1630,415,56,3,1404.24,20
1631,163,105,4,2549.39,0
1632,337,41,6,1810.77,0
1633,1,113,4,2252.26,0
1634,488,68,5,1405.84,15
1635,1119,193,5,368.19,15
1636,447,457,4,2005.29,0
1637,608,304,3,152.31,10
1638,346,25,5,426.85,15
1639,811,23,3,2919.37,30
1640,194,146,4,2984.81,10
1641,485,350,4,754.13,5
1642,209,274,4,329.31,25
1643,291,342,4,1542.61,25
1644,383,427,1,488.62,0
1645,189,275,4,2482.83,50
1646,210,134,6,1560.68,5
1647,860,280,2,1023.71,50
1648,1007,225,6,705.42,50
1649,873,125,2,2630.55,30
1650,1056,349,2,2987.77,30
1651,837,118,1,1719.41,15
1652,921,253,6,2357.9,0
1653,1206,207,5,2043.83,20
1654,244,359,4,187.96,25
1655,1017,266,2,2340.76,20
1656,301,392,1,11.74,15
1657,1108,338,2,2522.84,0
1658,370,168,2,2023.28,15
1659,177,8,4,2332.97,15
1660,1105,352,-4,798.4,0
1661,1167,268,2,1955.65,0
1662,357,72,1,985.54,50
1663,815,489,4,123.11,50
1664,1210,121,5,1292.73,10
1665,1248,402,-5,1642.44,10
1666,34,457,2,2756.17,0
1667,678,355,1,2190.26,50
1668,1357,500,5,2158.97,20
1669,1468,260,6,2907.35,10
1670,1328,452,2,1818.76,10
1671,1249,323,5,202.72,30
1672,173,232,3,1880.07,15
1673,1040,356,4,1966.22,0
1674,188,121,3,2686.11,0
1675,823,245,4,591.99,20
1676,1345,479,2,1848.67,0
1677,563,494,4,1844.0,0
1678,1474,254,6,1833.24,25
1679,1009,77,4,2571.79,30
1680,1177,255,4,2157.03,30
1681,316,265,2,1732.53,15
1682,1012,405,6,1931.7,0
1683,652,1,6,1198.79,30
1684,382,189,6,160.36,5
1685,552,387,1,2983.45,15
1686,781,170,6,2058.41,50
1687,1166,345,1,378.85,0
1688,573,399,5,2240.69,0
1689,768,94,3,2803.02,10
1690,806,202,4,592.34,50
1691,723,96,5,1916.71,10
1692,1299,379,2,1730.28,30
1693,552,444,4,2822.11,5
1694,1119,175,5,1217.68,0
1695,534,96,1,1601.46,15
1696,692,92,6,2742.29,25
1697,704,496,4,1728.45,0
1698,827,445,5,2085.32,5
1699,704,401,5,2060.88,50
1700,210,55,2,1682.0,30
1701,802,14,3,2855.13,15
1702,1003,490,5,1161.91,10
1703,1145,313,3,964.72,0
1704,999,423,6,788.81,10
1705,16,322,2,1871.42,10
1706,1384,39,5,2779.32,50
1707,232,248,4,498.62,50
1708,408,298,5,711.87,15
1709,78,108,1,1186.62,15
1710,181,233,3,327.03,10
1711,672,111,2,2188.15,0
1712,750,419,5,1261.35,5
1713,1491,122,5,2397.42,0
1714,917,9,3,2879.6,0
1715,545,146,2,2851.41,0
1716,179,91,1,1372.62,15
1717,1261,357,-5,1777.25,0
1718,969,310,5,2198.84,0
1719,270,140,4,1086.15,0
1720,482,286,-5,2570.08,30
1721,714,456,4,414.87,0
1722,678,214,5,179.82,20
1723,665,213,5,2377.93,30
1724,922,144,5,899.46,25
1725,344,362,2,1016.98,25
1726,691,278,6,1898.36,10
1727,1205,408,4,2601.05,15
1728,1460,92,5,1508.58,10
1729,624,496,5,253.52,0
1730,1420,14,4,412.7,15
1731,13,80,1,2405.86,0
1732,763,301,6,1943.78,5
1733,476,68,-1,1929.74,5
1734,238,36,3,628.99,15
1735,664,18,3,1567.75,25
1736,1298,285,6,2215.77,20
1737,1397,156,1,856.67,10
1738,1065,197,5,1160.55,50
1739,1270,74,6,1501.26,25
1740,1414,230,2,2697.11,20
1741,904,330,6,1242.77,10
1742,14,434,2,1548.37,15
1743,1442,148,2,631.41,15
1744,143,413,5,2441.63,5
1745,1450,378,5,405.51,0
1746,129,311,2,433.92,5
1747,1322,320,1,282.35,10
1748,773,454,6,274.1,0
1749,502,251,4,484.65,10
1750,1470,177,5,77.56,25
1751,339,266,4,2119.97,20
1752,1363,403,4,546.09,0
1753,717,165,4,784.72,25
1754,744,248,5,411.32,10
1755,317,167,5,431.63,0
1756,185,196,-5,2699.46,25
1757,1135,201,2,164.02,0
1758,373,492,6,367.18,25
1759,961,235,2,2064.01,0
1760,407,475,4,1695.63,5
1761,1194,167,2,549.46,0
1762,318,466,-5,1846.35,50
1763,844,376,2,1284.16,0
1764,670,39,6,1922.87,50
1765,484,74,5,713.18,30
1766,342,360,3,2892.63,15
1767,1183,164,5,1670.05,5
1768,631,63,3,1469.86,20
1769,1321,113,4,488.88,25
1770,806,483,3,63.58,5
1771,682,296,3,2433.24,10
1772,1021,93,5,2680.35,0
1773,1237,2,5,564.45,25
1774,358,83,4,171.04,0
1775,505,240,6,2280.44,50
1776,1020,110,6,1473.53,0
1777,670,488,2,1677.15,50
1778,1063,77,2,89.09,0
1779,1383,407,1,1096.1,0
1780,1494,281,6,569.38,0
1781,78,390,1,1664.86,10
1782,1243,266,6,1512.86,25
1783,1166,351,4,635.7,15
1784,1479,342,6,1545.43,15
1785,379,202,2,2773.29,30
1786,83,143,2,2934.08,0
1787,484,418,4,1720.13,0
1788,1176,236,3,203.89,0
1789,334,461,2,2785.97,50
1790,192,330,-1,1733.68,0
1791,1495,340,5,76.97,15
1792,621,142,2,1963.0,25
1793,1048,314,2,2470.63,0
1794,11,241,5,252.53,20
1795,1407,48,5,1828.05,25
1796,236,25,2,1901.71,20
1797,1499,107,2,476.43,0
1798,1407,210,6,1402.33,25
1799,1353,59,2,1819.48,0
1800,1380,58,1,1150.83,0
1801,215,22,2,367.27,0
1802,1478,70,1,2170.38,25
1803,1356,390,6,1315.72,30
1804,510,383,2,2190.39,50
1805,76,99,3,1297.19,50
1806,691,7,2,1982.71,30
1807,933,398,6,1565.37,10
1808,307,52,3,274.85,0
1809,47,321,5,1576.83,20
1810,691,341,1,983.28,50
1811,276,147,2,1129.85,50
1812,36,359,5,2541.38,5
1813,717,430,6,2373.97,20
1814,1342,367,1,2002.52,5
1815,1222,399,3,2085.21,0
1816,1017,118,1,2906.81,0
1817,243,98,2,1274.47,10
1818,736,277,5,1103.24,15
1819,629,434,2,85.99,5
1820,154,14,6,426.83,0
1821,987,64,1,1088.66,20
1822,332,286,4,1487.1,5
1823,124,318,2,189.25,50
1824,1473,221,6,1281.47,0
1825,1210,117,1,394.31,20
1826,577,176,5,961.71,0
1827,325,114,6,2105.1,0
1828,585,31,1,378.46,5
1829,1262,490,3,1491.68,20
1830,1311,217,4,2679.66,15
1831,632,190,5,1331.22,0
1832,1387,146,3,1278.38,15
1833,354,246,2,2525.53,10
1834,281,223,3,13.18,25
1835,91,394,5,359.94,0
1836,1054,107,1,84.8,0
1837,845,52,5,1350.73,5
1838,566,83,1,1274.3,25
1839,88,265,5,296.8,0
1840,1489,230,6,326.67,15
1841,1214,499,-1,1031.44,0
1842,125,101,4,1527.55,0
1843,837,127,4,166.38,0
1844,1460,41,2,2906.48,15
1845,590,489,3,830.27,30
1846,615,90,-2,347.05,20
1847,403,290,1,1308.11,0
1848,715,347,5,1069.22,30
1849,873,306,6,765.01,20
1850,61,288,-2,21.37,0
1851,408,311,6,1210.73,5
1852,901,456,3,1183.9,20
1853,305,300,1,196.9,15
1854,493,10,2,101.09,25
1855,545,218,4,305.0,20
1856,677,13,6,2266.51,50
1857,239,302,1,1459.53,25
1858,958,20,1,63.85,10
1859,1342,121,3,1633.91,50
1860,1131,388,1,2101.3,50
1861,1449,294,6,14.07,10
1862,511,163,6,2354.45,0
1863,87,312,3,1508.0,50
1864,1208,421,3,1493.23,50
1865,809,253,5,1918.45,30
1866,1328,238,1,1773.0,5
1867,1404,196,1,1810.95,20
1868,600,465,1,1149.1,20
1869,204,249,2,863.53,5
1870,101,293,4,802.19,25
1871,478,224,2,553.13,15
1872,1411,305,5,870.87,50
1873,1165,229,1,2422.01,50
1874,138,85,6,2650.86,10
1875,1353,110,2,1404.47,0
1876,1056,433,4,518.73,30
1877,183,431,4,479.28,0
1878,1363,323,6,2410.73,0
1879,1286,436,-3,2793.01,0
1880,1118,190,1,2054.62,5
1881,1260,305,5,1515.85,30
1882,1198,460,4,340.31,0
1883,911,258,1,1879.75,30
1884,594,16,6,2446.88,30
1885,145,458,5,783.81,20
1886,1096,389,2,365.13,0
1887,730,378,5,2781.67,30
1888,1170,192,4,1315.82,30
1889,24,32,5,2436.55,0
1890,532,215,5,1425.55,0
1891,970,425,6,2528.56,0
1892,387,44,4,902.17,50
1893,826,479,1,477.7,0
1894,1024,139,6,2375.43,50
1895,1229,287,6,2711.92,20
1896,309,297,4,2830.09,20
1897,1373,137,4,134.19,0
1898,727,133,2,2714.64,0
1899,182,58,5,1067.06,20
1900,91,329,4,748.09,30
1901,999,286,3,676.27,30
1902,1481,55,4,2338.2,15
1903,943,94,5,882.09,20
1904,93,360,5,1920.76,20
1905,1249,280,4,749.72,20
1906,543,14,5,800.61,20
1907,1048,34,3,1334.62,0
1908,314,53,5,1160.88,15
1909,328,390,3,733.26,50
1910,1291,278,4,1642.4,10
1911,1,492,5,2369.09,50
1912,455,205,3,1600.45,30
1913,1028,22,2,2641.6,50
1914,282,246,3,458.26,20
1915,1080,295,4,209.11,50
1916,46,46,5,903.2,0
1917,440,459,1,2271.28,50
1918,1485,339,2,2267.7,15
1919,1229,421,6,2620.03,0
1920,1464,120,4,643.96,0
1921,1474,175,4,563.81,0
1922,510,165,1,1671.1,10
1923,194,400,4,2491.03,15
1924,45,465,2,2868.66,15
1925,619,135,4,378.09,0
1926,200,333,4,99.54,15
1927,396,141,6,89.62,10
1928,1162,433,4,194.22,20
1929,992,396,6,1549.78,0
1930,1434,276,3,1721.84,50
1931,1120,280,6,1625.42,0
1932,1494,237,1,2500.82,20
1933,298,41,1,1331.34,10
1934,848,404,5,683.29,0
1935,669,471,5,1186.59,0
1936,772,217,3,1851.32,30
1937,1103,358,5,2925.89,5
1938,811,282,6,1323.84,50
1939,1038,160,4,2067.62,50
1940,185,302,-3,787.35,15
1941,643,57,6,376.73,0
1942,277,348,6,545.84,50
1943,1408,127,4,2092.49,15
1944,782,180,6,344.6,0
1945,972,350,1,2185.95,20
1946,466,386,5,2315.02,30
1947,809,161,2,749.42,20
1948,1453,52,-6,1546.43,0
1949,533,307,3,172.16,15
1950,995,13,1,1784.38,0
1951,1334,414,5,411.98,10
1952,1087,92,5,145.64,10
1953,771,403,4,2709.57,10
1954,1141,221,5,1495.02,20
1955,103,135,3,489.68,20
1956,637,443,3,1095.74,20
1957,908,457,3,92.41,30
1958,923,494,3,666.09,15
1959,1038,218,5,396.91,0
1960,757,449,3,1146.87,20
1961,268,395,6,1259.11,0
1962,1435,56,3,1192.49,0
1963,685,178,5,690.56,50
1964,110,83,1,2567.45,20
1965,243,151,2,547.23,0
1966,926,356,4,1971.65,25
1967,637,392,4,951.44,0
1968,138,54,4,241.8,0
1969,576,48,6,1120.67,0
1970,1031,409,3,1553.62,30
1971,796,390,1,2713.79,0
1972,1100,243,1,1768.49,0
1973,812,287,-4,387.92,25
1974,163,305,2,2648.02,50
1975,734,477,4,2406.73,0
1976,914,406,2,793.05,20
1977,337,39,6,446.09,20
1978,228,105,2,1588.64,0
1979,469,176,6,687.79,25
1980,709,374,6,1160.68,50
1981,1091,284,1,1054.31,25
1982,1302,136,2,2844.22,15
1983,359,64,3,2016.89,0
1984,1423,167,2,2636.56,30
1985,742,17,3,2029.08,0
1986,880,335,3,1105.44,10
1987,1336,379,4,441.2,15
1988,404,72,1,2833.67,0
1989,316,147,6,2310.4,25
1990,1260,350,6,2820.55,25
1991,174,462,4,2321.79,25
1992,423,331,2,1926.34,10
1993,341,16,4,578.93,0
1994,1137,351,5,513.3,20
1995,150,366,4,42.78,15
1996,1112,311,1,2353.19,0
1997,506,169,1,2145.7,10
1998,399,312,1,2983.02,20
1999,471,258,3,2490.08,30
2000,547,170,5,2544.07,5
2001,626,440,1,2762.89,0
2002,1434,264,6,212.03,0
2003,812,259,4,863.38,25
2004,138,89,4,840.17,15
2005,521,134,6,789.35,15
2006,110,420,5,1607.57,5
2007,741,244,6,1810.29,0
2008,446,55,4,51.63,30
2009,1406,124,6,1932.73,15
2010,253,234,2,2881.23,30
2011,1050,448,6,1618.91,10
2012,791,297,5,1279.63,50
2013,1201,398,5,469.24,30
2014,1415,157,5,2979.66,0
2015,645,360,4,402.87,50
2016,982,430,1,1351.0,10
2017,282,120,3,114.11,20
2018,184,277,6,2244.36,50
2019,781,90,6,807.06,10
2020,418,304,5,1351.34,5
2021,1068,291,2,2378.08,5
2022,310,256,1,95.1,30
2023,322,89,5,1553.66,5
2024,1055,286,1,2772.75,50
2025,344,23,2,2449.56,0
2026,31,90,2,2667.45,5
2027,34,198,1,1386.62,30
2028,778,466,1,94.25,0
2029,1294,471,5,2407.1,30
2030,985,63,6,38.56,20
2031,172,191,3,1154.23,5
2032,191,470,3,2174.9,0
2033,1133,333,3,735.69,15
2034,175,387,5,146.86,30
2035,989,401,3,2254.47,20
2036,1128,100,6,948.01,0
2037,837,427,5,2030.46,15
2038,201,102,1,2201.34,0
2039,35,469,4,551.23,20
2040,758,488,3,2227.87,15
2041,777,170,4,63.54,0
2042,1412,222,1,2917.47,20
2043,1369,138,4,280.62,20
2044,27,470,6,1116.05,20
2045,178,361,6,2522.97,0
2046,461,414,-3,1343.83,0
2047,664,315,1,2454.74,20
2048,1212,241,3,130.66,50
2049,1260,396,1,1687.29,15
2050,399,281,4,610.89,20
2051,1135,274,2,2178.22,20
2052,1157,82,5,1168.3,20
2053,941,120,1,1622.11,30
2054,1143,460,5,1907.66,30
2055,243,350,4,1982.93,30
2056,994,187,5,96.75,0
2057,1212,186,4,1363.34,0
2058,159,460,5,1134.28,25
2059,1420,65,5,71.72,5
2060,179,452,2,2106.12,20
2061,735,296,4,1679.41,30
2062,383,155,4,2933.44,0
2063,1134,189,1,2803.9,50
2064,150,172,4,1533.94,15
2065,242,234,4,875.91,25
2066,185,250,6,893.91,0
2067,1234,50,2,1627.72,0
2068,1321,144,5,280.25,0
2069,1460,482,5,417.62,20
2070,546,73,2,1811.46,0
2071,978,301,3,227.97,30
2072,110,370,6,2195.58,10
2073,546,422,2,1662.89,0
2074,1395,249,3,2501.15,15
2075,93,400,3,1519.86,20
2076,6,65,5,2534.47,0
2077,752,364,4,1725.7,0
2078,102,113,1,2776.4,20
2079,701,487,4,163.26,10
2080,352,143,2,2543.62,0
2081,963,84,2,2759.03,30
2082,1252,3,3,179.94,10
2083,995,94,5,486.95,30
2084,537,124,6,274.82,25
2085,860,483,1,2802.21,20
2086,765,34,1,181.46,25
2087,720,47,5,352.93,0
2088,762,92,1,2532.3,50
2089,224,162,6,561.86,0
2090,166,381,6,1091.37,0
2091,903,70,1,602.83,50
2092,68,415,4,1293.41,0
2093,643,3,6,2871.16,0
2094,526,450,6,1515.02,0
2095,640,358,5,882.64,15
2096,1323,268,2,1407.63,50
2097,1215,110,5,2596.29,50
2098,845,305,3,774.99,0
2099,968,429,1,2199.44,20
2100,1279,474,6,428.05,30
2101,972,416,2,1617.57,10
2102,437,19,6,777.16,0
2103,93,397,2,1686.63,15
2104,1251,351,4,553.61,5
2105,960,498,3,2645.54,5
2106,1492,132,3,1574.43,25
2107,496,216,3,1592.17,0
2108,831,223,3,121.56,30
2109,880,302,4,1646.12,5
2110,1470,477,3,1628.12,10
2111,400,496,5,534.75,10
2112,467,208,4,2745.44,10
2113,1107,172,1,163.95,15
2114,910,202,3,1083.52,0
2115,1270,41,3,1095.85,15
2116,814,290,2,552.4,5
2117,20,277,5,2811.07,0
2118,665,253,1,1888.69,0
2119,634,342,6,2970.39,0
2120,209,487,2,254.59,0
2121,206,482,4,1166.76,30
2122,1231,73,6,988.96,0
2123,605,350,6,1170.25,25
2124,1407,87,6,1903.37,0
2125,832,190,6,2758.53,50
2126,646,350,3,535.49,0
2127,2,94,1,1316.02,0
2128,643,447,5,2886.13,15
2129,22,389,2,2438.31,20
2130,104,57,1,1015.1,15
2131,1474,495,2,2394.85,15
2132,1406,133,6,1323.26,50
2133,1265,225,-3,851.15,0
2134,1009,361,1,577.83,25
2135,265,282,4,153.3,50
2136,725,346,6,1101.64,50
2137,58,25,2,34.12,0
2138,805,111,3,2909.66,50
2139,1478,354,1,2692.3,5
2140,243,179,1,382.54,10
2141,65,24,2,1521.91,20
2142,1431,37,3,1630.57,0
2143,1284,490,5,668.04,0
2144,1340,316,3,2676.26,50
2145,1118,390,3,2251.38,15
2146,766,175,6,443.79,50
2147,741,18,4,182.68,0
2148,998,7,5,1934.16,50
2149,815,483,5,2742.45,20
2150,1122,280,-1,1163.64,0
2151,900,23,4,2335.99,10
2152,495,137,4,2084.69,30
2153,257,340,6,585.57,5
2154,592,358,3,2889.72,50
2155,768,2,2,1180.93,0
2156,939,172,4,987.63,0
2157,447,425,2,38.11,15
2158,1011,161,2,769.04,20
2159,802,55,2,1380.84,10
2160,522,32,2,1885.07,50
2161,1355,113,5,2368.88,0
2162,631,36,3,50.62,0
2163,66,330,5,2685.62,0
2164,864,183,6,736.63,0
2165,1305,468,5,1244.94,30
2166,519,78,2,2659.76,0
2167,239,202,1,1335.0,20
2168,279,145,5,2689.67,0
2169,686,387,4,2629.99,15
2170,1153,231,5,973.22,30
2171,1159,88,2,1782.29,0
2172,1216,86,4,1188.75,10
2173,473,344,2,2413.3,20
2174,367,235,1,1113.28,0
2175,1067,131,2,1388.52,0
2176,949,65,1,8.29,50
2177,912,411,1,1036.04,0
2178,332,4,2,546.89,30
2179,884,51,6,1942.87,0
2180,1246,35,6,1060.95,0
2181,1075,294,1,2730.03,30
2182,1481,290,1,287.92,15
2183,218,224,1,638.25,30
2184,761,282,3,249.25,30
2185,1206,384,3,1393.93,50
2186,964,196,2,1670.26,0
2187,92,385,6,2977.28,0
2188,696,274,2,2297.94,25
2189,1433,35,5,1644.73,5
2190,769,261,5,2726.3,0
2191,983,142,2,998.44,30
2192,637,264,1,418.62,0
2193,1480,1,4,166.65,0
2194,1129,151,-2,1612.28,50
2195,1281,340,2,2836.82,0
2196,122,143,3,839.84,0
2197,571,375,6,399.38,5
2198,1075,34,6,1267.27,0
2199,738,364,5,592.87,50
2200,21,377,6,1883.77,0
2201,27,325,2,627.53,0
2202,104,113,3,2557.86,0
2203,268,255,6,1080.73,25
2204,261,125,6,1121.93,0
2205,398,258,1,285.14,0
2206,688,130,1,1190.64,20
2207,6,177,6,2147.17,0
2208,1219,234,2,1381.5,25
2209,815,313,5,1614.12,0
2210,271,334,1,489.89,0
2211,1226,350,1,2650.96,20
2212,1405,241,6,899.12,0
2213,1246,299,1,2248.48,0
2214,1088,484,2,2356.55,0
2215,540,421,2,831.34,30
2216,1270,84,4,456.75,20
2217,167,215,2,1463.11,0
2218,1027,208,1,1673.75,15
2219,755,236,4,2862.37,20
2220,84,359,4,1185.03,5
2221,314,263,1,2413.52,50
2222,742,156,3,1745.73,0
2223,522,226,3,2896.11,0
2224,802,310,2,2311.78,10
2225,1469,214,2,1034.65,50
2226,620,193,6,505.99,50
2227,389,198,2,408.4,0
2228,241,496,1,444.84,10
2229,444,471,4,2487.1,0
2230,704,357,6,965.08,30
2231,1380,348,2,1546.49,0
2232,1052,274,6,2206.18,0
2233,1217,51,6,2221.02,50
2234,835,371,2,936.85,5
2235,1457,293,1,2049.68,50
2236,540,287,2,1019.81,5
2237,491,485,2,1385.49,10
2238,383,187,3,1597.23,0
2239,461,487,2,610.91,10
2240,72,40,6,240.66,5
2241,750,256,6,1219.98,30
2242,766,190,6,2591.38,10
2243,1491,346,4,809.35,50
2244,678,301,4,2137.76,20
2245,1476,485,3,602.11,15
2246,492,289,4,1419.2,15
2247,555,477,4,2185.76,20
2248,1030,221,4,629.82,0
2249,575,91,2,1033.06,0
2250,758,358,1,2725.23,30
2251,1173,470,3,2819.99,50
2252,1041,95,1,2282.45,15
2253,1221,403,2,2820.15,15
2254,1180,155,4,2533.5,20
2255,373,7,1,1362.33,5
2256,566,189,2,2331.87,5
2257,1206,93,1,1157.49,10
2258,586,334,1,1635.66,10
2259,401,482,2,1249.29,0
2260,239,454,3,930.29,15
2261,1472,291,1,1240.88,25
2262,1348,54,4,2883.35,5
2263,1395,274,1,1938.62,0
2264,1497,482,1,1594.84,25
2265,730,478,2,365.14,0
2266,755,229,6,281.67,30
2267,1141,81,3,631.3,15
2268,1348,222,3,2668.09,0
2269,1036,137,4,2533.2,10
2270,1333,25,6,341.72,25
2271,398,446,6,1946.07,0
2272,1386,211,1,2390.91,30
2273,303,237,2,1361.63,25
2274,1183,350,4,975.12,20
2275,386,2,2,338.87,25
2276,127,474,6,2290.76,0
2277,1435,417,3,1320.79,0
2278,1100,475,1,2808.47,0
2279,667,338,6,2952.33,30
2280,75,248,1,2569.72,0
2281,365,34,6,931.02,0
2282,655,62,4,1279.14,5
2283,1238,496,3,1723.12,5
2284,253,271,2,2419.34,20
2285,1422,85,1,2725.76,25
2286,407,194,1,1869.19,5
2287,719,266,6,2327.82,0
2288,361,308,6,1936.4,0
2289,1179,402,6,742.16,25
2290,262,495,6,1848.03,15
2291,1351,466,6,707.72,5
2292,347,117,2,2099.43,25
2293,390,312,5,527.05,50
2294,589,354,3,2082.01,25
2295,455,67,3,683.78,5
2296,875,180,1,2916.12,30
2297,962,465,4,151.62,0
2298,941,96,-1,1170.32,30
2299,1020,414,1,479.39,30
2300,410,51,4,47.41,0
2301,256,52,2,1065.89,20
2302,1134,348,2,1682.86,30
2303,375,494,6,2577.8,0
2304,1365,473,6,2123.82,20
2305,537,400,5,1210.6,10
2306,411,386,3,791.65,25
2307,298,354,2,2947.5,5
2308,291,9,2,1906.05,30
2309,1245,79,3,1041.59,10
2310,1373,79,6,2153.48,50
2311,1362,92,6,2204.09,0
2312,725,194,4,553.21,0
2313,1266,191,3,1969.99,5
2314,798,443,2,2397.22,25
2315,137,273,6,170.99,0
2316,813,142,6,318.1,25
2317,484,343,1,949.19,25
2318,1145,335,3,1687.25,0
2319,305,113,1,2325.43,0
2320,358,261,4,2354.71,0
2321,1360,293,4,2485.37,5
2322,970,198,6,194.46,15
2323,1497,24,3,1087.79,25
2324,515,410,5,526.97,0
2325,1283,189,6,264.0,0
2326,1476,40,3,1700.85,0
2327,1379,220,3,818.5,15
2328,1167,296,-6,2164.09,0
2329,1214,165,2,1355.32,50
2330,1018,31,3,1434.1,0
2331,2,130,2,510.34,0
2332,325,37,6,1870.13,0
2333,1336,70,4,2188.25,0
2334,184,38,2,2822.7,10
2335,1171,464,2,2840.17,20
2336,827,291,4,1943.56,30
2337,832,489,-1,1572.04,50
2338,442,219,1,1474.2,0
2339,991,409,2,1807.82,0
2340,380,334,2,1171.26,25
2341,58,357,4,1732.44,15
2342,1087,244,5,1948.0,50
2343,861,431,3,1914.02,5
2344,426,461,6,2747.95,50
2345,1420,60,3,1809.84,5
2346,1291,159,4,569.19,15
2347,1050,327,6,1007.94,50
2348,478,24,1,479.83,0
2349,1201,432,1,75.44,15
2350,715,140,4,2979.6,20
2351,1154,410,6,2765.37,25
2352,983,1,1,425.14,0
2353,1150,157,4,931.01,20
2354,1363,206,4,896.74,25
2355,918,473,5,931.98,25
2356,183,198,4,2672.13,5
2357,874,132,6,2574.41,0
2358,68,126,1,1062.24,20
2359,1432,102,2,117.72,25
2360,791,219,3,1851.29,50
2361,952,57,4,2648.78,0
2362,1159,71,6,1710.08,15
2363,779,106,2,153.39,15
2364,760,369,5,28.83,25
2365,754,83,3,1589.4,0
2366,948,219,4,902.63,5
2367,161,149,3,2748.91,50
2368,1272,391,5,1009.52,50
2369,806,212,3,1974.09,10
2370,508,386,-3,788.87,15
2371,599,158,6,2128.56,5
2372,150,63,3,1189.59,50
2373,1236,386,5,1824.35,5
2374,1446,297,3,1355.42,10
2375,464,450,5,1232.7,10
2376,36,88,5,442.58,30
2377,98,257,5,1263.28,15
2378,1240,371,6,2805.86,25
2379,1179,329,6,2312.76,30
2380,1070,52,5,751.29,10
2381,213,229,1,391.62,50
2382,1416,441,2,1438.82,0
2383,89,155,4,2698.22,15
2384,1063,147,3,1892.74,5
2385,846,242,3,2402.06,15
2386,271,126,2,35.43,0
2387,619,222,3,2545.53,50
2388,782,371,1,1834.76,0
2389,1161,73,1,2692.23,0
2390,729,399,1,348.82,0
2391,946,443,3,1071.94,20
2392,1448,98,5,995.65,20
2393,691,494,6,11.94,25
2394,882,313,1,659.11,50
2395,141,283,3,898.54,15
2396,532,204,6,1166.72,15
2397,174,479,1,1628.41,5
2398,760,152,1,2671.3,5
2399,391,478,4,2013.89,0
2400,278,100,1,933.53,5
2401,600,209,2,627.7,10
2402,221,119,1,1991.54,10
2403,1463,259,5,2225.65,20
2404,1382,401,6,2465.56,20
2405,58,406,1,2705.31,30
2406,1334,292,3,2581.76,0
2407,782,79,5,2658.93,0
2408,1340,225,1,2668.36,25
2409,132,97,4,2980.67,10
2410,619,30,2,469.72,15
2411,1099,84,3,490.15,0
2412,1146,217,5,1175.58,10
2413,372,374,4,2617.06,15
2414,327,69,2,1563.34,5
2415,314,5,5,413.2,5
2416,276,294,3,2974.56,20
2417,442,118,2,70.79,0
2418,405,240,3,1325.71,20
2419,1418,402,1,1371.6,20
2420,22,73,4,2328.84,20
2421,1249,385,5,2442.42,15
2422,511,89,6,837.59,0
2423,759,41,2,2824.98,0
2424,355,285,2,2309.9,50
2425,999,15,2,654.27,5
2426,1468,66,2,1622.85,0
2427,939,415,1,2225.49,50
2428,34,368,1,493.32,25
2429,335,150,6,161.1,0
2430,765,417,1,2636.63,25
2431,848,237,3,2190.29,30
2432,209,165,4,2475.4,25
2433,848,403,1,2498.05,50
2434,375,198,3,1082.48,0
2435,1110,447,2,2761.89,30
2436,316,323,6,449.27,25
2437,1036,80,1,953.39,0
2438,83,198,5,1185.64,15
2439,1094,469,3,1523.86,10
2440,302,128,2,1883.47,25
2441,925,407,5,562.99,0
2442,267,25,1,362.08,0
2443,938,121,5,2092.18,0
2444,1410,414,5,2755.05,20
2445,1258,233,1,2565.9,0
2446,993,409,-3,1889.69,0
2447,462,181,5,315.19,0
2448,1269,356,5,1068.1,10
2449,1226,253,3,310.56,0
2450,360,485,2,1166.49,25
2451,522,286,2,1365.94,5
2452,335,439,1,871.34,15
2453,296,91,1,1133.77,20
2454,657,303,6,2637.81,10
2455,784,379,2,2209.14,5
2456,1418,104,5,2928.61,5
2457,603,450,3,2715.01,25
2458,38,431,3,1558.1,30
2459,1042,473,5,995.13,50
2460,555,412,4,502.8,0
2461,767,393,5,1524.92,20
2462,716,393,1,2625.49,50
2463,389,255,-6,775.85,25
2464,1438,219,2,1905.81,20
2465,429,380,2,953.01,50
2466,478,232,3,2764.24,0
2467,972,82,3,2736.59,0
2468,1162,215,2,246.26,0
2469,818,43,3,429.57,30
2470,1239,335,2,1109.81,0
2471,1486,304,2,861.08,0
2472,147,112,3,130.91,20
2473,1212,388,3,1996.2,15
2474,1192,224,4,736.87,5
2475,1369,331,6,1228.77,0
2476,1275,341,6,2293.02,10
2477,369,194,1,232.61,20
2478,1359,264,3,86.07,50
2479,1370,50,5,587.62,15
2480,1483,336,1,1617.24,5
2481,83,294,1,1605.63,10
2482,460,33,6,2457.67,0
2483,172,49,2,2849.52,0
2484,355,384,1,891.74,15
2485,1358,276,1,465.19,15
2486,892,275,5,1501.01,20
2487,823,54,3,2291.91,0
2488,225,135,5,1671.03,15
2489,120,157,4,2251.48,10
2490,1380,407,1,1167.86,0
2491,1168,227,5,1916.65,25
2492,984,267,2,985.24,15
2493,795,145,6,2837.47,20
2494,818,397,6,2237.34,10
2495,1221,112,4,892.1,0
2496,370,73,1,2146.0,50
2497,894,39,2,583.96,0
2498,36,24,3,856.54,0
2499,1253,112,3,2388.53,30
2500,231,481,3,1535.68,25
2501,1164,47,6,1415.82,0
2502,1260,423,4,2282.25,0
2503,1205,314,5,836.67,50
2504,1415,334,5,486.85,0
2505,1431,377,2,1650.91,0
2506,117,217,2,1232.41,20
2507,1410,362,6,11.38,0
2508,12,383,3,488.07,5
2509,690,203,2,569.71,30
2510,198,324,1,144.01,15
2511,368,454,3,1590.73,5
2512,482,479,5,1069.06,0
2513,1412,432,2,2431.9,20
2514,351,393,6,1836.34,50
2515,123,274,4,2094.03,20
2516,336,478,4,735.98,20
2517,466,456,2,624.39,30
2518,1028,345,5,2369.86,20
2519,418,209,2,2700.88,25
2520,171,326,5,346.56,15
2521,1293,91,5,1195.96,20
2522,215,283,2,917.58,20
2523,223,98,1,469.38,0
2524,1036,461,2,680.7,5
2525,1247,345,2,1623.99,0
2526,1041,179,-6,2693.65,5
2527,945,373,6,2569.13,50
2528,1083,363,4,2814.0,15
2529,1435,488,1,2687.48,20
2530,1010,334,4,135.13,0
2531,1289,423,6,1748.09,15
2532,13,268,6,305.85,30
2533,1340,395,3,229.81,5
2534,261,228,4,2869.78,50
2535,240,356,4,336.45,30
2536,1216,437,4,1602.06,50
2537,506,180,5,1983.92,10
2538,365,367,6,2466.62,0
2539,309,193,6,1109.08,20
2540,818,392,5,516.59,20
2541,725,71,5,974.4,0
2542,419,260,3,1781.56,50
2543,333,115,3,1809.02,15
2544,1375,392,4,1335.79,0
2545,611,442,2,1825.45,50
2546,912,74,3,2295.67,25
2547,844,156,4,193.47,50
2548,897,203,5,1455.87,50
2549,1152,401,1,1787.89,30
2550,629,131,6,1679.65,25
2551,1405,146,5,1219.86,50
2552,155,411,5,1826.75,5
2553,1033,211,3,1388.82,0
2554,592,484,4,1891.59,30
2555,423,275,4,2426.24,50
2556,219,398,4,1754.92,10
2557,58,162,3,34.58,10
2558,1239,413,2,1186.52,30
2559,21,61,3,2507.9,0
2560,65,72,2,2883.73,20
2561,81,149,4,1660.87,20
2562,126,92,1,815.33,30
2563,518,54,3,2311.67,30
2564,2,294,5,1668.86,30
2565,1364,248,1,918.84,15
2566,1108,317,5,1787.04,5
2567,971,284,3,1046.16,0
2568,485,474,1,2880.59,0
2569,759,1,1,642.5,0
2570,1392,390,3,2038.08,20
2571,209,183,5,1936.92,50
2572,36,150,3,295.79,20
2573,535,423,5,1317.63,5
2574,1109,222,6,1349.23,10
2575,107,468,5,2164.44,25
2576,40,272,6,1418.95,0
2577,849,16,6,343.43,0
2578,418,455,4,2065.36,15
2579,98,471,2,890.4,10
2580,517,305,2,2814.74,50
2581,806,341,4,1032.12,10
2582,865,420,5,2750.06,20
2583,338,194,3,429.58,0
2584,259,467,1,1035.86,15
2585,1224,71,4,949.7,25
2586,872,481,2,2566.05,0
2587,256,170,5,711.56,0
2588,1301,226,6,2380.42,10
2589,530,246,4,2702.8,10
2590,622,351,5,2357.47,10
2591,763,308,5,1314.03,5
2592,350,274,1,679.55,5
2593,13,497,4,415.85,0
2594,683,112,6,309.37,15
2595,1437,2,5,2224.36,0
2596,808,485,2,278.76,0
2597,140,122,6,2769.79,25
2598,1311,254,2,475.37,25
2599,555,375,-5,742.91,30
2600,710,365,5,2026.94,15
2601,1135,93,3,1755.45,0
2602,626,72,2,2139.84,15
2603,641,60,1,2932.61,20
2604,672,315,-4,256.68,15
2605,137,470,1,161.42,15
2606,1305,158,1,1799.86,15
2607,530,158,4,811.39,25
2608,472,183,3,2318.27,5
2609,610,375,4,2231.33,30
2610,1500,427,3,2369.46,0
2611,945,298,1,904.34,15
2612,1170,134,4,871.71,5
2613,1236,171,2,697.95,0
2614,1046,114,5,589.73,0
2615,1086,43,2,2622.17,20
2616,141,123,6,2477.37,5
2617,1068,219,5,2809.34,0
2618,1051,274,-4,2669.43,30
2619,1141,407,1,526.39,15
2620,1113,5,4,859.3,5
2621,1137,162,4,2054.39,0
2622,642,228,2,2076.07,0
2623,837,475,3,985.68,5
2624,464,26,4,309.07,30
2625,1157,218,1,2058.25,15
2626,386,446,3,1147.64,10
2627,180,227,6,2228.21,25
2628,333,302,5,2796.77,20
2629,636,417,2,1191.18,5
2630,1204,132,5,2666.53,50
2631,1289,498,4,2718.58,10
2632,108,295,5,1759.58,50
2633,60,58,6,149.43,0
2634,1220,246,5,687.49,15
2635,35,427,5,2793.72,5
2636,1452,49,3,2114.29,0
2637,1107,340,5,1568.59,20
2638,589,200,2,834.42,10
2639,1054,318,5,2254.49,10
2640,1373,299,5,1115.28,25
2641,350,422,5,2326.52,15
2642,1005,179,3,2263.93,50
2643,259,432,5,1779.05,0
2644,367,226,2,2236.85,0
2645,948,312,6,1982.7,30
2646,1357,420,6,417.29,0
2647,1084,328,5,1827.27,5
2648,926,8,1,2779.06,25
2649,1190,469,5,2896.63,10
2650,674,407,1,2778.26,10
2651,872,268,4,2984.77,0
2652,1072,94,1,2179.73,0
2653,1308,271,1,1510.82,5
2654,890,397,5,250.34,0
2655,504,428,5,1618.62,25
2656,564,6,3,2663.09,50
2657,47,337,6,2751.18,50
2658,1475,427,5,320.57,0
2659,959,190,5,950.29,0
2660,1148,300,4,627.14,20
2661,766,382,1,1516.25,15
2662,43,493,6,2248.26,25
2663,1370,65,3,2021.64,5
2664,41,63,6,1729.14,0
2665,1198,128,1,2875.79,0
2666,1091,243,2,925.58,50
2667,1324,63,3,733.83,15
2668,874,31,1,2071.8,50
2669,672,439,5,1509.35,0
2670,252,168,1,187.68,10
2671,278,366,3,1385.81,5
2672,821,478,1,2092.99,15
2673,1088,195,4,2273.79,5
2674,287,112,4,2072.17,0
2675,1044,206,6,1707.21,50
2676,429,409,3,1857.95,5
2677,1443,279,1,968.66,15
2678,882,325,1,2867.1,15
2679,923,45,6,1953.73,5
2680,791,300,4,1464.59,5
2681,381,405,3,2632.28,15
2682,208,127,4,1181.7,10
2683,1391,338,5,406.4,0
2684,1041,249,2,549.22,25
2685,58,305,2,1268.36,30
2686,1332,3,4,1032.63,20
2687,511,267,3,251.21,0
2688,523,419,3,2115.86,0
2689,845,458,1,319.01,0
2690,1427,325,4,2675.47,15
2691,686,210,5,2485.57,10
2692,88,20,3,570.78,0
2693,1148,70,5,1473.79,0
2694,439,74,1,1462.39,10
2695,428,479,4,2572.36,0
2696,210,347,3,815.41,10
2697,238,118,5,1777.97,50
2698,433,211,1,1727.52,50
2699,92,206,4,784.08,25
2700,1351,292,5,525.23,0
2701,1036,481,5,1842.93,10
2702,931,387,3,2882.94,15
2703,230,426,6,2495.14,5
2704,674,70,5,2538.35,25
2705,253,455,4,593.66,10
2706,1315,492,4,1682.05,30
2707,246,430,1,2497.14,20
2708,555,104,6,918.68,0
2709,427,390,5,1570.54,30
2710,134,106,5,1647.39,25
2711,908,493,6,1538.35,15
2712,1500,208,2,855.47,5
2713,973,425,4,756.95,0
2714,477,310,6,42.31,0
2715,231,263,3,2478.58,5
2716,859,280,1,387.51,0
2717,273,404,3,504.74,10
2718,81,336,3,2542.91,0
2719,477,18,1,2173.86,50
2720,730,69,4,26.93,25
2721,573,29,-1,2123.29,0
2722,1014,430,6,2113.94,50
2723,205,82,5,815.81,5
2724,492,31,5,1866.05,0
2725,1464,51,5,2864.48,10
2726,296,279,2,2856.59,10
2727,58,244,5,457.31,30
2728,799,209,3,618.03,50
2729,364,254,3,2526.74,0
2730,296,8,2,798.72,10
2731,1422,89,6,1260.55,5
2732,221,27,5,111.16,50
2733,626,221,4,302.15,30
2734,782,244,2,40.94,0
2735,1119,356,4,1960.13,25
2736,115,17,-2,1785.7,0
2737,485,370,4,410.95,20
2738,1170,210,3,2875.52,5
2739,1195,174,1,1397.21,0
2740,1239,31,3,291.86,0
2741,499,490,2,2394.83,15
2742,26,111,1,1847.93,25
2743,184,336,-2,1357.16,0
2744,329,105,1,1623.9,0
2745,780,381,5,1530.4,0
2746,155,254,6,431.89,20
2747,246,162,1,2611.07,10
2748,1454,406,3,340.06,20
2749,1016,86,1,1643.74,50
2750,141,233,4,774.22,0
2751,502,75,4,2476.03,0
2752,618,95,3,1084.84,0
2753,191,8,6,436.49,20
2754,371,139,2,2267.21,50
2755,291,299,6,818.43,0
2756,914,193,4,1852.99,0
2757,427,216,6,1926.45,0
2758,724,116,3,2769.23,0
2759,964,334,4,1399.53,0
2760,615,13,6,2911.68,30
2761,1387,486,-2,1038.11,10
2762,1418,277,3,1055.51,50
2763,783,55,1,323.37,0
2764,1367,490,1,2790.77,15
2765,1191,413,1,1292.45,0
2766,829,376,6,1821.92,10
2767,1098,246,4,1670.23,10
2768,1053,65,6,645.61,20
2769,777,257,1,1578.93,0
2770,639,13,4,1535.96,10
2771,473,500,4,270.27,30
2772,1157,17,1,1474.63,50
2773,1270,44,5,1314.36,0
2774,90,293,1,2212.25,20
2775,1084,312,2,2886.03,20
2776,1281,403,2,981.48,5
2777,472,138,3,1532.04,30
2778,554,259,4,477.37,0
2779,459,211,5,959.09,30
2780,885,366,2,2567.77,0
2781,345,103,1,2231.72,0
2782,1007,444,6,48.56,0
2783,674,390,1,657.32,5
2784,125,281,1,1559.4,0
2785,510,233,3,721.62,20
2786,228,2,5,1550.89,0
2787,1171,63,5,760.11,0
2788,832,297,1,2865.06,0
2789,190,386,4,2225.44,50
2790,312,351,2,1485.94,0
2791,936,345,6,1598.14,50
2792,1183,379,6,2150.5,25
2793,92,278,4,2386.49,0
2794,690,432,3,2853.11,30
2795,1122,133,4,1168.58,25
2796,84,472,1,1792.19,0
2797,1208,351,5,661.26,10
2798,890,371,1,2505.92,0
2799,913,268,1,2647.73,0
2800,652,285,1,1939.06,50
2801,1422,257,-3,428.86,15
2802,1175,499,3,59.42,0
2803,1303,36,3,1092.24,0
2804,664,212,2,1236.29,10
2805,915,484,3,1726.39,20
2806,1224,298,3,2672.26,10
2807,560,227,4,449.07,20
2808,110,282,1,418.15,0
2809,1319,415,6,422.14,0
2810,1105,78,1,2762.35,30
2811,1337,229,2,1791.41,30
2812,592,493,1,2672.6,0
2813,289,178,1,1504.89,30
2814,144,353,4,977.66,10
2815,279,405,4,2738.66,5
2816,1305,160,2,483.51,20
2817,456,9,3,30.22,25
2818,179,49,2,2977.51,50
2819,1147,360,2,999.39,30
2820,1125,481,1,212.98,20
2821,362,178,6,1695.56,15
2822,588,59,-6,2650.69,20
2823,125,89,4,661.09,50
2824,542,13,4,166.08,20
2825,262,268,5,434.26,5
2826,178,371,1,2637.54,0
2827,360,291,2,2206.35,0
2828,1285,180,4,273.27,0
2829,61,485,6,1599.39,10
2830,767,377,1,1291.0,25
2831,666,160,2,1148.6,10
2832,95,458,3,437.26,0
2833,901,437,4,1903.87,5
2834,785,319,1,268.9,0
2835,485,256,1,2158.94,15
2836,1282,252,2,2536.81,10
2837,532,286,2,2883.5,15
2838,171,274,4,511.39,20
2839,651,423,-1,1379.25,0
2840,376,2,4,1530.62,25
2841,857,479,6,1056.49,20
2842,1432,439,4,394.42,0
2843,157,453,5,2993.38,25
2844,1118,439,4,2533.71,30
2845,1278,240,3,2490.46,25
2846,1357,31,2,1919.14,50
2847,741,212,1,2925.03,0
2848,223,257,5,1699.05,10
2849,618,121,2,943.05,0
2850,557,28,2,925.18,10
2851,859,281,6,461.32,20
2852,227,173,2,2372.94,0
2853,887,378,3,2254.87,50
2854,336,295,-3,2358.04,10
2855,36,411,4,852.75,10
2856,181,344,1,2132.22,0
2857,1010,282,2,245.52,30
2858,301,2,4,2572.24,5
2859,879,116,2,1015.4,10
2860,1202,448,3,2592.68,30
2861,367,271,6,1552.87,0
2862,1202,12,4,2979.25,30
2863,830,178,3,2540.99,0
2864,207,47,1,487.19,0
2865,760,337,3,2250.51,5
2866,169,127,6,2590.25,0
2867,243,27,6,936.31,20
2868,1082,422,4,2838.17,0
2869,1018,366,2,2191.29,0
2870,1035,30,4,611.89,0
2871,128,54,6,1786.05,5
2872,1128,310,5,2737.7,50
2873,102,414,1,831.69,0
2874,28,471,2,2810.68,10
2875,240,385,2,2071.13,0
2876,203,391,5,1958.43,25
2877,850,453,1,1892.87,0
2878,795,351,2,2147.29,15
2879,105,133,6,300.07,30
2880,1328,421,3,1574.03,25
2881,747,40,1,622.07,0
2882,897,173,3,1592.68,5
2883,1447,242,1,2768.26,0
2884,1144,268,5,2235.31,25
2885,966,307,2,2282.56,25
2886,1465,58,2,2836.75,25
2887,217,283,4,2072.33,0
2888,228,500,5,2505.19,25
2889,266,451,2,2275.71,50
2890,1298,247,4,1473.78,10
2891,248,249,5,1019.85,5
2892,465,450,1,1260.58,25
2893,218,409,1,863.95,0
2894,31,188,6,2354.21,30
2895,954,8,5,513.3,0
2896,527,100,6,2396.22,10
2897,277,494,2,562.74,20
2898,249,20,4,2369.08,50
2899,788,283,5,1060.47,20
2900,934,342,3,1419.12,20
2901,797,34,4,1313.61,15
2902,1414,296,1,2549.86,5
2903,747,46,6,968.95,0
2904,237,422,4,439.85,10
2905,149,476,1,33.89,25
2906,405,482,3,2865.2,0
2907,1329,458,5,2346.4,10
2908,578,318,2,1616.89,0
2909,455,148,5,1627.78,0
2910,600,113,5,75.64,0
2911,618,308,1,2429.06,20
2912,153,440,1,689.76,15
2913,302,467,1,218.45,15
2914,976,391,6,2423.59,15
2915,1127,207,4,2140.18,10
2916,502,442,2,993.33,50
2917,635,48,5,14.41,0
2918,35,467,-1,1498.51,10
2919,532,259,2,2461.69,25
2920,1199,164,4,1420.01,0
2921,1131,382,3,2295.93,15
2922,228,395,2,233.7,30
2923,920,414,4,299.95,15
2924,480,392,5,1690.55,15
2925,1038,186,1,782.49,15
2926,771,391,6,2015.98,0
2927,1226,117,4,2204.38,0
2928,39,403,2,881.69,10
2929,758,396,3,1390.42,20
2930,290,34,1,1327.42,15
2931,56,32,4,2481.6,5
2932,950,197,1,2417.5,15
2933,1336,329,4,2259.15,30
2934,986,111,6,297.62,0
2935,652,272,3,52.76,5
2936,381,421,4,223.32,10
2937,618,362,5,1379.76,15
2938,371,83,4,1690.05,0
2939,681,351,3,1586.59,20
2940,303,285,4,1551.0,0
2941,615,214,1,1288.69,25
2942,279,335,1,2677.64,25
2943,1400,245,2,2837.06,0
2944,1447,107,2,2181.25,15
2945,822,355,4,419.4,20
2946,1237,458,2,1589.4,5
2947,1479,311,5,161.09,25
2948,1376,409,6,793.42,0
2949,1072,348,4,705.1,50
2950,118,400,6,1114.7,15
2951,482,178,3,2365.68,0
2952,1408,396,5,438.65,50
2953,410,381,5,256.0,20
2954,671,220,5,2854.88,25
2955,19,350,3,1970.43,5
2956,659,30,4,2211.55,25
2957,1025,256,5,2133.49,25
2958,706,224,3,2552.36,0
2959,1202,124,-6,2494.36,0
2960,1080,433,3,546.88,0
2961,431,234,-4,2187.28,0
2962,370,90,1,2831.36,0
2963,302,55,4,2285.92,0
2964,952,219,3,1822.21,25
2965,1008,85,1,176.33,20
2966,604,453,2,1631.87,50
2967,234,429,3,1659.7,10
2968,1182,17,5,1127.52,5
2969,213,5,4,625.95,50
2970,367,461,2,544.65,0
2971,847,8,5,291.49,30
2972,546,138,2,1488.89,20
2973,159,280,1,80.69,20
2974,147,453,4,2661.74,25
2975,40,205,2,2771.93,0
2976,913,351,1,37.29,15
2977,68,102,3,629.99,50
2978,847,130,4,2750.88,0
2979,772,437,5,343.83,5
2980,903,143,2,2348.65,50
2981,888,3,2,1622.09,30
2982,1153,388,1,2789.24,20
2983,533,452,1,1052.63,0
2984,1493,167,5,330.63,30
2985,1237,116,2,386.03,50
2986,1436,93,2,1625.05,25
2987,179,61,2,2467.63,50
2988,456,153,3,2924.95,0
2989,1154,65,4,2492.18,0
2990,1472,203,4,1939.42,25
2991,352,284,4,1935.34,0
2992,729,251,2,798.0,50
2993,1284,12,5,1360.67,15
2994,2,223,5,907.55,30
2995,6,187,4,2261.84,25
2996,45,280,2,35.64,0
2997,1465,492,1,2528.0,50
2998,352,85,5,562.58,0
2999,160,452,3,2442.47,10
3000,1270,133,1,1628.93,10
3001,71,89,5,2696.76,5
3002,714,106,2,524.07,5
3003,344,35,-2,127.01,15
3004,767,177,6,2561.25,15
3005,122,453,1,2189.51,50
3006,692,408,3,2155.15,15
3007,69,298,2,1515.36,20
3008,1136,356,-5,2351.19,10
3009,1278,99,2,2626.07,5
3010,604,471,2,493.82,20
3011,874,416,2,1614.52,0
3012,711,331,5,695.32,30
3013,259,47,3,489.27,10
3014,1188,400,1,1003.35,25
3015,1226,465,4,2624.32,15
3016,1232,488,5,174.04,0
3017,293,206,2,598.27,25
3018,986,302,-4,1118.23,10
3019,328,197,1,550.85,0
3020,550,290,6,613.43,0
3021,918,408,3,297.88,50
3022,272,229,2,232.66,20
3023,470,191,1,700.2,25
3024,821,438,2,2852.62,20
3025,970,342,3,2559.88,0
3026,1290,197,4,313.14,10
3027,291,456,6,1864.33,0
3028,247,14,4,18.51,5
3029,1215,463,2,809.4,30
3030,282,98,3,502.81,0
3031,217,354,1,694.66,15
3032,680,163,3,286.79,0
3033,430,52,6,1747.75,0
3034,216,342,3,2524.74,5
3035,1060,470,4,1775.88,25
3036,1307,239,2,1818.37,10
3037,260,441,3,398.22,10
3038,192,121,5,2126.05,30
3039,521,359,6,2795.65,15
3040,225,377,5,2783.37,0
3041,16,248,3,1480.45,30
3042,884,425,4,1725.87,20
3043,428,302,-2,1770.76,0
3044,1144,49,4,1077.12,15
3045,1265,175,1,1404.47,0
3046,1112,492,6,1302.71,10
3047,118,326,5,1512.85,15
3048,736,272,6,580.36,30
3049,1109,359,2,1314.54,15
3050,979,404,2,519.84,20
3051,1041,247,3,380.36,20
3052,1198,157,2,2772.31,15
3053,1306,42,3,2358.28,15
3054,803,82,2,521.98,30
3055,718,274,1,554.14,0
3056,1494,87,6,2272.01,20
3057,615,283,4,1236.51,0
3058,1207,331,3,43.07,0
3059,348,473,2,824.21,5
3060,589,90,5,1784.09,50
3061,28,202,5,514.87,20
3062,1421,69,4,1232.68,0
3063,1,424,3,2518.23,15
3064,1190,100,3,559.41,20
3065,978,10,3,2152.94,0
3066,1259,378,1,2281.97,0
3067,1178,190,2,2290.23,5
3068,1104,69,5,485.16,0
3069,950,487,1,1777.7,0
3070,783,215,1,2895.45,0
3071,1084,249,2,1978.93,25
3072,657,205,4,337.14,10
3073,1404,426,6,2522.43,20
3074,971,201,4,847.73,0
3075,1452,6,5,49.1,15
3076,667,89,2,603.66,25
3077,868,423,1,1279.7,25
3078,301,106,2,2949.2,0
3079,406,7,4,1930.53,0
3080,1265,365,3,283.99,10
3081,892,481,3,604.15,0
3082,204,142,4,2700.28,15
3083,590,236,1,540.14,5
3084,963,268,6,1089.23,20
3085,861,440,1,2079.18,20
3086,515,93,-5,1872.91,10
3087,93,415,3,213.04,20
3088,672,262,3,1653.68,0
3089,41,318,1,1848.41,25
3090,387,358,2,552.34,10
3091,346,113,3,1338.66,30
3092,547,394,3,1491.15,0
3093,449,220,3,2343.81,15
3094,403,294,5,770.31,20
3095,1168,184,1,2623.07,0
3096,1098,194,3,2526.99,5
3097,281,291,4,129.18,30
3098,1410,102,4,1549.57,0
3099,1447,335,3,41.2,0
3100,7,117,5,1505.08,15
3101,691,247,6,2227.05,15
3102,549,201,2,2179.71,0
3103,481,309,3,52.93,50
3104,67,245,5,1603.22,5
3105,537,26,6,917.65,20
3106,1327,378,6,286.12,20
3107,455,490,4,2720.06,30
3108,537,235,-3,158.43,5
3109,1491,278,4,2258.56,0
3110,1335,132,3,2688.81,20
3111,958,387,2,705.35,20
3112,1134,338,1,894.32,15
3113,1422,191,1,2450.35,30
3114,1248,481,5,184.13,0
3115,928,296,4,2530.15,0
3116,23,172,5,127.82,10
3117,931,198,6,66.2,30
3118,484,386,3,2647.5,20
3119,69,117,3,2119.13,0
3120,910,304,3,1530.04,20
3121,433,248,1,1935.61,20
3122,1364,419,2,1216.63,0
3123,1436,478,1,411.24,30
3124,376,455,4,2573.58,20
3125,1177,398,6,248.44,10
3126,34,261,5,1942.89,25
3127,883,258,3,2280.98,5
3128,1385,199,5,1414.83,0
3129,421,105,5,917.52,20
3130,347,356,6,1855.66,30
3131,1032,13,4,2226.96,20
3132,645,435,6,70.61,15
3133,1374,293,6,418.46,10
3134,242,31,6,790.77,25
3135,1149,280,4,2593.63,0
3136,1399,16,6,1224.37,25
3137,422,391,2,213.84,0
3138,334,243,5,579.02,0
3139,1189,393,5,2511.75,0
3140,1261,418,1,1611.84,50
3141,328,288,4,465.99,0
3142,1439,396,3,2413.83,5
3143,950,378,1,2743.69,25
3144,13,422,5,2492.22,20
3145,1251,208,3,1764.0,0
3146,324,368,1,2087.89,5
3147,1097,498,6,2653.41,5
3148,1382,155,2,2062.83,15
3149,1311,58,5,850.42,0
3150,1159,231,5,85.22,20
3151,780,33,5,1852.71,0
3152,1104,2,4,1106.75,5
3153,1244,491,5,2998.02,0
3154,476,381,5,2328.44,30
3155,1349,358,2,444.36,0
3156,1421,239,6,2175.41,0
3157,229,258,4,2580.8,25
3158,12,489,4,1924.47,20
3159,1359,176,2,2649.67,0
3160,1081,53,5,1141.94,0
3161,518,462,5,2550.51,0
3162,1047,1,1,603.14,15
3163,920,244,1,167.93,0
3164,1227,323,2,898.54,20
3165,914,16,1,1541.97,5
3166,1105,328,1,2695.27,30
3167,135,206,4,454.92,0
3168,340,282,5,525.69,20
3169,607,168,3,2258.04,30
3170,62,235,6,446.18,0
3171,1040,495,6,1019.94,50
3172,1158,324,-2,830.45,25
3173,155,2,4,1271.83,30
3174,1214,369,6,1801.52,0
3175,789,410,1,1419.38,0
3176,803,286,2,104.12,0
3177,274,320,1,364.54,5
3178,117,473,6,1266.73,0
3179,1378,138,3,658.93,10
3180,1219,329,4,762.98,0
3181,1069,461,6,22.58,25
3182,366,415,1,1987.46,10
3183,1348,84,2,1974.6,10
3184,766,306,2,60.61,20
3185,185,235,2,1095.87,5
3186,19,466,2,802.45,30
3187,925,128,4,1832.08,0
3188,1330,68,4,2755.28,0
3189,602,163,2,403.21,20
3190,1413,181,3,1067.81,0
3191,1431,257,4,2262.93,10
3192,1434,405,5,1104.81,25
3193,571,498,6,733.0,0
3194,820,431,6,2632.16,10
3195,1045,61,5,1060.07,0
3196,1469,256,5,750.07,25
3197,757,211,3,461.05,20
3198,405,220,2,120.13,5
3199,826,398,4,1876.66,50
3200,1084,300,4,225.7,10
3201,764,291,5,2450.71,10
3202,1366,384,2,156.24,0
3203,526,269,2,1163.92,50
3204,340,318,4,390.79,50
3205,787,38,4,2899.66,20
3206,1166,91,5,571.49,20
3207,707,303,4,2726.5,50
3208,1231,302,-6,2744.87,0
3209,1236,127,6,649.93,30
3210,1133,443,6,2917.75,25
3211,1139,364,-5,1488.82,25
3212,1252,470,2,2344.06,15
3213,26,127,3,768.15,0
3214,354,486,1,2601.47,30
3215,516,49,5,985.48,5
3216,1236,500,5,2294.49,5
3217,174,207,2,34.48,0
3218,10,153,1,153.76,10
3219,1349,477,6,1199.69,25
3220,1264,490,6,2378.27,0
3221,1336,437,6,106.1,5
3222,583,37,6,657.09,50
3223,243,265,1,2435.52,5
3224,1016,462,3,1908.53,0
3225,1114,17,4,1776.35,0
3226,1107,427,4,2015.73,15
3227,609,152,2,2726.23,0
3228,675,29,5,1558.18,0
3229,479,16,3,1712.83,5
3230,993,312,4,2827.52,20
3231,210,287,5,2717.7,10
3232,821,482,2,2930.41,50
3233,1117,206,1,1604.17,15
3234,9,338,1,1096.66,25
3235,1287,316,-1,1228.43,25
3236,206,293,5,1002.95,20
3237,984,435,2,2540.64,10
3238,635,252,2,776.59,10
3239,1456,116,2,2893.27,15
3240,1345,339,2,1857.93,25
3241,829,27,1,1491.12,0
3242,1016,38,2,1491.51,0
3243,717,215,1,263.05,5
3244,1179,495,6,139.74,0
3245,1424,382,-3,2508.3,50
3246,1224,303,6,598.84,0
3247,992,236,2,125.74,5
3248,611,415,6,885.3,0
3249,636,147,3,1652.1,25
3250,1,221,3,81.89,25
3251,1095,397,4,680.35,0
3252,135,212,1,967.45,25
3253,1246,323,1,107.18,25
3254,1410,46,5,1452.55,15
3255,490,443,6,1616.95,0
3256,711,181,1,1153.66,10
3257,524,417,1,224.76,50
3258,726,177,5,1042.22,0
3259,162,165,6,2686.12,0
3260,926,368,3,2403.3,10
3261,804,128,6,1808.82,15
3262,240,332,4,1478.23,0
3263,969,146,1,38.87,0
3264,504,164,1,2678.9,10
3265,241,10,5,2983.41,10
3266,510,77,5,538.74,30
3267,1106,302,1,1150.94,5
3268,329,123,6,1543.66,0
3269,1115,351,5,2845.82,20
3270,1287,338,6,1337.22,0
3271,1107,201,1,968.48,0
3272,1246,47,6,2912.62,15
3273,783,364,3,1802.94,20
3274,418,176,6,2163.89,5
3275,271,478,2,573.67,0
3276,960,436,3,66.89,10
3277,1039,250,1,132.5,20
3278,1475,248,5,2977.24,30
3279,88,22,5,2937.25,0
3280,1466,359,1,1847.33,50
3281,1108,444,6,670.96,10
3282,189,416,2,1172.44,0
3283,206,276,1,830.65,15
3284,694,176,5,493.21,0
3285,818,337,2,362.32,0
3286,1217,17,6,889.33,20
3287,932,76,6,59.18,0
3288,463,348,5,26.0,25
3289,978,365,3,839.16,15
3290,984,443,6,1597.81,0
3291,1391,41,2,1334.16,5
3292,131,382,3,224.92,20
3293,1265,374,5,735.42,15
3294,558,412,4,1165.52,25
3295,836,93,2,748.35,20
3296,1440,473,5,13.31,20
3297,476,384,1,1156.18,0
3298,1095,67,3,1125.04,0
3299,1138,111,4,2721.01,0
3300,1059,170,4,2784.74,0
3301,107,22,4,1191.7,5
3302,489,190,4,136.83,0
3303,1497,332,5,1901.7,0
3304,545,280,1,1765.37,50
3305,23,23,2,1779.13,50
3306,338,328,1,91.29,5
3307,748,312,2,790.57,0
3308,324,393,6,2828.56,5
3309,760,357,5,1794.38,25
3310,474,333,1,2474.02,50
3311,804,320,1,2151.24,0
3312,882,442,-1,2901.19,0
3313,715,339,4,968.43,10
3314,560,488,6,415.5,50
3315,654,493,3,1816.9,30
3316,1421,116,3,1543.82,15
3317,255,323,5,1685.37,0
3318,1472,200,5,1046.84,50
3319,718,146,5,2659.51,5
3320,580,208,3,474.92,20
3321,344,77,5,374.43,15
3322,1263,162,4,2099.74,0
3323,779,497,1,2435.79,5
3324,211,159,4,1627.57,0
3325,63,152,4,1349.48,0
3326,1312,462,2,2764.91,20
3327,33,181,2,2400.33,5
3328,129,187,3,86.38,30
3329,767,35,2,1326.45,0
3330,1392,217,6,1493.67,0
3331,193,28,3,1043.85,20
3332,902,192,5,391.2,0
3333,524,108,3,739.66,0
3334,669,291,3,799.72,25
3335,1454,375,4,2237.29,10
3336,438,356,1,2817.21,15
3337,958,164,5,2169.43,0
3338,253,389,5,1930.74,0
3339,1075,273,6,1196.59,50
3340,616,298,6,648.35,20
3341,677,284,4,708.98,0
3342,661,254,6,795.21,50
3343,1374,203,5,1643.08,25
3344,15,26,3,2317.13,25
3345,498,434,6,1424.77,25
3346,1498,136,1,736.86,30
3347,13,289,6,560.9,0
3348,53,222,5,1469.16,15
3349,445,354,2,2120.87,0
3350,1431,403,4,2049.42,5
3351,431,149,5,780.93,20
3352,382,165,5,724.02,0
3353,336,193,4,1853.85,25
3354,1216,133,6,500.19,0
3355,970,478,2,2128.78,50
3356,459,445,6,1017.75,30
3357,289,123,1,2059.6,0
3358,45,129,5,2067.78,0
3359,1,316,1,570.75,20
3360,359,151,5,419.21,10
3361,609,310,4,1775.01,0
3362,306,410,5,2019.64,0
3363,679,169,3,2529.01,0
3364,1414,460,3,1170.07,0
3365,907,292,3,2070.73,20
3366,1275,283,1,2878.4,5
3367,255,367,1,2497.85,0
3368,583,345,2,468.4,5
3369,886,468,6,389.2,0
3370,921,112,4,615.24,25
3371,155,359,4,2880.47,30
3372,816,374,-4,1437.04,10
3373,908,286,1,1087.71,5
3374,488,172,-4,1845.02,0
3375,348,408,5,916.19,30
3376,1291,373,3,2473.15,0
3377,1312,373,4,165.67,10
3378,1016,346,3,1945.77,0
3379,890,260,4,505.18,15
3380,929,191,4,1709.68,0
3381,5,8,-4,2529.1,0
3382,502,98,6,2415.53,20
3383,1357,453,3,2865.82,20
3384,538,145,4,1723.16,0
3385,548,249,3,1938.84,50
3386,428,474,1,656.68,30
3387,1203,348,6,1455.79,50
3388,1177,432,5,2991.78,10
3389,159,468,3,2119.67,50
3390,876,379,1,1862.56,50
3391,646,444,3,849.88,0
3392,1439,74,6,2471.52,5
3393,894,66,3,399.71,5
3394,456,458,5,1146.11,10
3395,268,368,1,1646.42,0
3396,1442,339,5,2601.74,0
3397,214,148,3,1689.34,50
3398,696,9,2,17.23,10
3399,150,224,2,2225.23,25
3400,335,419,2,1776.78,5
3401,1088,481,6,1495.63,10
3402,354,175,-6,1196.09,0
3403,945,357,6,1477.63,30
3404,1052,73,5,2727.44,30
3405,264,270,2,1930.67,25
3406,1330,169,4,1973.51,0
3407,595,268,1,153.18,20
3408,1429,358,1,2171.39,5
3409,1179,206,6,921.31,15
3410,1178,498,-5,2610.17,30
3411,556,386,4,2039.95,0
3412,1056,320,4,811.67,25
3413,793,124,2,2913.34,30
3414,1272,104,4,1187.94,0
3415,245,31,1,1723.92,30
3416,289,197,4,1205.32,0
3417,16,166,1,1072.2,20
3418,653,351,6,1522.17,25
3419,569,341,3,2780.73,25
3420,817,385,3,2277.15,15
3421,1011,495,3,520.58,0
3422,964,3,4,25.51,10
3423,792,173,5,1565.45,25
3424,850,150,5,2051.46,0
3425,732,196,1,1061.94,20
3426,666,90,1,2675.86,0
3427,620,395,3,1539.32,0
3428,1253,3,4,435.44,10
3429,414,209,2,2736.89,30
3430,873,398,1,703.98,30
3431,652,374,4,195.25,0
3432,41,100,2,141.52,20
3433,1275,79,3,2749.34,10
3434,1050,32,6,524.21,20
3435,1421,277,3,1836.33,0
3436,1096,312,2,2331.69,0
3437,570,109,6,811.0,0
3438,1185,395,1,1302.61,50
3439,136,306,5,1456.95,25
3440,1180,431,4,821.84,0
3441,314,57,5,633.19,10
3442,798,270,5,44.48,10
3443,651,105,1,1065.04,25
3444,774,154,6,2963.63,25
3445,30,256,5,1922.46,15
3446,457,347,5,61.42,10
3447,690,24,5,425.37,30
3448,886,368,1,1852.89,0
3449,554,411,2,703.64,0
3450,185,308,3,2925.0,30
3451,287,144,3,1833.52,30
3452,36,433,4,939.98,5
3453,84,289,2,2233.58,0
3454,1362,147,4,1600.11,25
3455,943,188,3,2867.22,50
3456,233,35,6,1542.89,10
3457,872,466,6,2061.77,10
3458,1478,2,2,1505.08,5
3459,1483,164,2,2361.19,50
3460,1065,413,4,2812.99,30
3461,218,82,5,737.85,20
3462,451,16,2,2211.8,20
3463,739,193,6,2150.71,30
3464,574,216,2,2516.74,25
3465,600,51,5,2548.67,5
3466,909,197,2,1211.55,0
3467,1210,191,2,281.36,0
3468,1085,277,1,1504.45,25
3469,604,422,2,1088.63,20
3470,697,213,5,1870.46,10
3471,1216,476,1,462.52,20
3472,274,113,4,1963.02,0
3473,244,258,4,2837.79,50
3474,56,117,2,1417.22,0
3475,1174,363,1,2438.59,0
3476,878,447,3,2399.36,10
3477,1111,29,6,2014.94,25
3478,1131,229,3,1744.87,25
3479,1441,322,3,2374.23,0
3480,862,161,4,611.56,15
3481,1075,277,1,1874.82,30
3482,82,237,4,1544.99,5
3483,723,165,5,1484.87,0
3484,119,155,5,1111.93,50
3485,1247,86,6,1217.94,20
3486,1127,135,2,1653.73,30
3487,908,269,4,73.45,5
3488,319,205,1,242.42,25
3489,488,349,5,330.78,20
3490,235,15,6,1897.94,50
3491,684,281,6,2636.09,0
3492,1120,476,1,1703.38,0
3493,1106,434,5,1968.71,20
3494,202,418,5,2426.22,0
3495,1329,469,4,1208.36,0
3496,1465,448,5,359.67,0
3497,932,113,5,1445.74,0
3498,301,74,5,1165.93,30
3499,1243,141,2,2716.34,5
3500,1048,339,6,914.85,20
3501,931,366,1,951.97,5
3502,862,236,4,1535.54,15
3503,848,499,5,577.07,5
3504,726,7,6,2402.1,25
3505,906,393,2,516.57,0
3506,1348,166,2,991.16,0
3507,1295,226,1,2029.98,15
3508,68,330,3,285.37,0
3509,980,346,5,2632.14,50
3510,456,364,5,2467.39,10
3511,540,189,1,2945.66,10
3512,1101,498,-2,233.67,0
3513,131,487,3,158.96,25
3514,1437,480,1,684.33,0
3515,1328,102,3,1204.79,0
3516,910,322,1,2251.41,15
3517,1094,381,5,117.24,0
3518,1309,317,4,1341.99,25
3519,110,328,2,2920.7,5
3520,1286,219,3,1539.57,15
3521,540,295,4,2431.56,25
3522,51,372,2,2569.39,20
3523,611,222,1,657.7,0
3524,276,246,5,659.8,15
3525,1022,445,5,361.48,5
3526,1193,232,4,2120.72,15
3527,329,340,5,1320.35,0
3528,214,493,5,1680.88,20
3529,427,70,6,1696.98,0
3530,182,189,3,2765.69,30
3531,1356,421,3,684.17,0
3532,359,193,3,2564.34,0
3533,764,178,1,1882.35,30
3534,521,299,5,1301.42,5
3535,797,467,1,625.88,25
3536,598,364,4,767.55,25
3537,362,177,6,2230.32,0
3538,1173,146,3,1952.65,30
3539,1285,380,4,2796.01,10
3540,1249,33,1,1328.65,20
3541,690,460,-1,500.93,0
3542,1052,208,6,1695.81,0
3543,148,457,6,2995.31,10
3544,467,342,3,1441.14,10
3545,1432,131,1,2452.81,50
3546,417,416,6,1352.0,25
3547,53,303,6,2432.04,0
3548,257,148,5,1994.99,20
3549,495,416,2,458.93,0
3550,1300,295,3,2179.4,0
3551,1199,60,4,1675.7,0
3552,387,232,4,1381.74,20
3553,1229,213,6,1244.52,20
3554,160,161,1,2241.08,0
3555,493,416,3,2850.64,0
3556,66,69,-2,2041.75,0
3557,451,302,3,1634.93,50
3558,149,498,2,1273.01,25
3559,453,184,4,1853.5,25
3560,34,443,1,1359.76,25
3561,148,326,3,916.77,0
3562,827,151,1,85.57,10
3563,337,398,2,2575.75,5
3564,129,436,4,1189.38,10
3565,739,72,4,2606.32,10
3566,772,282,1,1154.27,0
3567,1003,112,2,204.12,20
3568,1198,458,3,1838.96,20
3569,686,389,-3,478.06,50
3570,375,193,4,2553.17,25
3571,539,312,1,139.72,10
3572,444,2,5,2918.54,15
3573,686,374,3,2167.41,0
3574,427,474,3,2051.62,10
3575,1126,73,4,545.8,25
3576,1098,1,2,905.57,50
3577,494,130,2,2775.83,0
3578,566,192,4,2061.48,0
3579,599,77,-5,1076.01,5
3580,235,235,3,1580.32,50
3581,956,110,5,195.27,15
3582,1410,8,1,1751.57,10
3583,585,254,2,1953.64,25
3584,871,100,1,160.04,30
3585,1083,27,3,184.02,30
3586,1481,246,6,2895.26,30
3587,176,299,3,257.5,5
3588,189,118,1,1302.24,10
3589,1096,324,4,316.13,0
3590,31,40,4,1648.63,30
3591,200,344,1,1219.14,50
3592,1075,155,3,390.98,20
3593,931,329,1,1646.01,20
3594,5,421,2,1736.67,20
3595,406,191,2,2826.49,0
3596,368,7,6,1215.71,5
3597,109,28,2,559.13,5
3598,1029,332,4,2075.69,15
3599,687,346,6,982.69,0
3600,283,380,2,291.25,10
3601,593,207,2,1229.53,0
3602,76,39,1,772.0,15
3603,1206,10,5,290.87,0
3604,823,106,4,2547.17,5
3605,1064,70,2,2559.38,0
3606,570,164,1,700.16,0
3607,1203,341,2,532.42,0
3608,763,336,4,87.46,0
3609,1359,388,6,143.84,50
3610,155,132,1,1604.88,5
3611,429,52,2,581.37,50
3612,1315,93,2,1553.48,15
3613,240,125,2,2200.15,0
3614,521,348,3,853.51,20
3615,259,96,2,1504.29,10
3616,612,227,3,1287.45,50
3617,11,299,2,1538.44,10
3618,880,90,2,2237.54,10
3619,1495,127,5,1314.61,15
3620,930,321,6,2715.21,25
3621,497,282,3,1912.74,50
3622,739,242,2,2491.98,50
3623,730,172,4,2066.63,0
3624,786,417,4,1000.88,15
3625,136,392,3,2692.19,25
3626,323,447,3,1920.54,5
3627,125,214,5,903.94,20
3628,546,113,4,751.39,15
3629,1192,82,6,869.19,15
3630,905,223,3,2160.44,20
3631,1366,107,2,1685.77,15
3632,1432,66,6,2286.86,20
3633,1181,383,5,753.28,15
3634,594,253,2,2771.72,20
3635,309,174,3,1427.09,0
3636,321,443,6,1936.36,25
3637,857,477,2,677.69,30
3638,556,211,2,1647.84,10
3639,1025,127,6,2007.92,20
3640,54,202,4,2193.53,0
3641,302,241,3,1772.76,50
3642,485,386,5,2668.81,50
3643,1119,213,6,293.06,0
3644,460,43,6,309.01,30
3645,1056,356,6,1388.4,5
3646,60,255,2,2420.18,0
3647,971,31,2,1417.23,20
3648,341,141,1,1611.23,0
3649,868,463,4,2136.18,30
3650,1139,375,2,828.92,20
3651,426,63,1,2937.24,0
3652,816,394,2,897.06,50
3653,906,166,4,1929.12,0
3654,296,426,6,1900.34,50
3655,796,177,6,2253.2,10
3656,421,56,2,1382.73,50
3657,1199,6,5,649.62,10
3658,1173,434,3,1996.51,30
3659,1368,329,-1,1243.77,0
3660,785,291,6,1383.19,10
3661,1271,345,-4,81.6,25
3662,1397,112,5,989.27,5
3663,1229,54,1,2868.02,0
3664,221,403,2,2321.21,15
3665,57,398,1,2156.65,20
3666,1163,375,-5,1757.38,10
3667,167,119,2,820.17,5
3668,557,470,2,1999.32,25
3669,988,490,6,2058.53,5
3670,1093,24,1,2477.45,10
3671,1118,46,6,2186.47,10
3672,146,308,4,653.45,25
3673,152,47,-3,315.67,30
3674,22,336,3,2132.58,50
3675,1358,396,6,79.62,0
3676,639,458,6,2736.0,0
3677,309,426,5,2645.69,30
3678,855,469,1,1635.15,20
3679,68,449,6,1864.43,0
3680,82,74,2,370.37,10
3681,411,459,3,2229.44,30
3682,675,134,3,2665.02,30
3683,123,102,2,228.69,15
3684,126,290,6,2953.19,25
3685,197,52,4,620.2,50
3686,1114,41,4,975.16,0
3687,985,405,1,1489.06,0
3688,417,299,2,2047.13,0
3689,34,464,2,1394.47,10
3690,9,285,2,2410.0,30
3691,181,62,3,401.9,0
3692,1093,163,4,414.47,10
3693,993,396,6,2788.66,0
3694,437,435,-4,1532.68,25
3695,1006,441,4,1288.97,10
3696,1240,284,1,2366.91,5
3697,164,155,1,1845.93,25
3698,228,63,6,2348.46,20
3699,587,329,2,459.5,5
3700,714,39,3,2131.41,0
3701,169,170,3,158.94,5
3702,1223,495,6,1987.36,20
3703,796,281,1,763.55,20
3704,706,166,3,530.62,0
3705,1344,458,4,229.78,10
3706,285,145,6,1462.24,15
3707,134,299,6,1630.7,25
3708,1444,267,5,1579.51,10
3709,736,310,4,850.57,20
3710,1168,30,5,96.72,5
3711,218,222,5,1357.0,15
3712,1359,188,4,1095.36,5
3713,1034,437,3,2971.62,0
3714,919,234,6,472.41,0
3715,828,208,2,1104.04,15
3716,531,244,4,72.55,0
3717,88,440,1,2996.81,10
3718,563,3,1,2960.55,5
3719,775,441,5,544.2,20
3720,83,228,6,2335.2,30
3721,211,496,1,1916.32,0
3722,844,307,4,181.69,30
3723,557,70,1,1611.21,25
3724,16,87,4,580.56,20
3725,1475,180,1,2611.19,0
3726,1351,118,2,432.76,0
3727,304,285,2,469.29,0
3728,27,242,5,983.59,10
3729,319,184,5,2999.77,5
3730,1211,17,5,8.86,10
3731,189,138,1,1359.85,30
3732,238,456,2,2346.36,15
3733,1443,178,1,2002.71,5
3734,644,496,2,2340.41,15
3735,908,393,2,1931.17,0
3736,1213,406,2,2788.8,0
3737,593,490,1,1470.68,15
3738,84,269,5,724.59,25
3739,262,436,-5,223.0,0
3740,615,148,1,2730.55,50
3741,1459,155,3,236.22,5
3742,682,390,2,2719.64,30
3743,1344,241,3,1669.23,10
3744,931,282,3,114.06,0
3745,175,346,6,1668.62,30
3746,1250,198,2,669.93,0
3747,706,329,4,2132.55,30
3748,52,238,6,1677.14,5
3749,237,50,6,669.65,0
3750,1354,129,5,2793.83,25
3751,491,306,6,1729.25,20
3752,654,166,3,2873.68,30
3753,1010,293,3,921.65,50
3754,43,96,5,1729.86,10
3755,2,494,4,1292.63,50
3756,1306,184,1,2682.12,10
3757,1065,220,5,49.24,30
3758,137,199,6,998.02,0
3759,942,232,2,2269.66,5
3760,761,43,4,1200.22,0
3761,295,48,4,2779.7,20
3762,857,36,6,900.03,30
3763,1131,184,1,663.76,0
3764,42,100,5,1439.34,10
3765,817,83,5,1922.24,50
3766,815,155,3,1382.2,10
3767,1022,411,2,2629.94,15
3768,19,346,5,556.64,10
3769,289,109,3,907.94,0
3770,10,41,1,1365.84,10
3771,259,369,3,996.33,0
3772,506,56,4,986.25,50
3773,693,145,3,2538.3,25
3774,1198,90,1,2503.12,20
3775,1154,84,4,836.26,0
3776,756,123,4,2990.26,0
3777,437,318,2,2385.51,0
3778,1384,184,5,547.94,10
3779,456,328,1,1615.77,15
3780,286,116,5,143.04,20
3781,42,223,2,1179.97,50
3782,1414,47,5,1330.65,50
3783,204,488,4,475.14,10
3784,285,155,2,265.6,0
3785,951,464,5,362.07,0
3786,1402,91,2,2700.04,50
3787,784,244,5,2576.02,5
3788,11,65,4,2459.12,5
3789,68,430,2,695.73,0
3790,322,155,5,1597.26,0
3791,734,78,1,140.02,0
3792,196,25,6,323.2,50
3793,491,109,6,1124.15,5
3794,463,250,4,258.83,50
3795,127,331,1,69.93,0
3796,1452,221,5,302.85,15
3797,300,193,2,2148.05,15
3798,1387,33,3,1544.8,25
3799,755,159,3,12.36,50
3800,921,416,5,2696.06,50
3801,465,407,1,2340.01,10
3802,1489,381,2,706.83,0
3803,789,239,6,2748.57,25
3804,1095,170,1,1133.65,10
3805,904,429,6,738.96,10
3806,27,315,6,890.65,0
3807,723,359,2,2737.75,50
3808,165,499,6,1499.36,25
3809,862,175,6,179.95,20
3810,363,332,6,2689.51,25
3811,857,14,1,2352.34,0
3812,328,421,5,2102.38,0
3813,658,29,4,1223.3,30
3814,152,31,6,471.86,50
3815,504,201,1,1437.99,0
3816,1121,13,6,1162.21,25
3817,979,105,6,1009.22,20
3818,278,351,2,1461.45,5
3819,1105,80,3,219.48,50
3820,283,369,4,857.03,30
3821,1050,113,3,2735.29,20
3822,172,434,1,460.9,10
3823,639,21,2,91.61,0
3824,502,396,4,2725.45,15
3825,1167,465,-5,2092.19,50
3826,499,107,6,433.89,0
3827,896,338,3,1880.98,50
3828,779,107,4,384.8,50
3829,981,53,5,1475.21,10
3830,1135,212,2,1030.78,25
3831,147,471,3,1573.76,5
3832,85,399,1,828.0,0
3833,63,84,4,2102.49,15
3834,805,221,3,1338.12,0
3835,452,413,3,437.78,0
3836,375,483,-3,1039.55,15
3837,510,345,4,1179.79,15
3838,791,211,5,784.23,25
3839,904,302,5,1280.45,10
3840,338,148,3,2125.93,50
3841,247,209,1,1878.3,10
3842,645,297,1,393.19,20
3843,1163,197,4,1603.83,15
3844,684,420,1,2018.14,0
3845,864,449,2,1256.58,25
3846,1009,484,2,698.09,50
3847,655,315,-6,1325.34,0
3848,442,444,3,419.76,10
3849,269,155,5,1314.07,0
3850,1346,96,3,446.3,0
3851,402,237,3,1652.56,25
3852,1413,147,6,2732.57,0
3853,1010,238,6,2574.62,50
3854,281,443,3,1561.66,0
3855,1430,235,6,77.56,0
3856,472,272,6,406.19,50
3857,600,349,4,2523.42,30
3858,295,228,2,1937.1,5
3859,320,475,-6,1704.32,0
3860,1441,33,3,2154.71,15
3861,809,393,4,2190.88,20
3862,25,209,4,1892.27,5
3863,1375,219,2,605.38,30
3864,232,453,-1,2382.36,0
3865,311,457,1,2664.91,0
3866,1385,258,5,2754.73,10
3867,260,396,4,2894.25,10
3868,1113,386,2,641.49,5
3869,925,196,6,73.71,50
3870,1044,310,2,1219.39,30
3871,1483,358,6,624.5,0
3872,18,311,3,2752.48,10
3873,891,13,5,1689.06,0
3874,759,291,4,2147.0,10
3875,107,75,1,788.35,5
3876,757,477,1,649.37,50
3877,103,40,6,329.3,0
3878,680,57,3,1428.2,20
3879,1087,277,6,2633.94,0
3880,444,296,5,1918.57,30
3881,1492,147,6,769.57,0
3882,140,32,1,819.46,10
3883,131,198,3,2681.41,20
3884,697,427,1,993.87,5
3885,1070,141,6,1547.58,0
3886,445,235,4,962.56,10
3887,1036,22,1,1875.27,5
3888,25,265,1,2794.53,20
3889,782,57,3,1463.74,25
3890,924,19,5,278.18,10
3891,1246,455,1,1390.46,0
3892,1346,460,1,1820.9,20
3893,1422,248,5,2106.67,5
3894,893,188,1,1550.29,0
3895,798,217,4,342.9,30
3896,1165,424,5,2495.66,25
3897,899,377,3,2139.86,50
3898,414,82,6,1244.4,5
3899,976,443,1,89.11,15
3900,1099,98,2,770.47,15
3901,1319,302,5,1046.59,0
3902,671,280,4,1112.0,0
3903,747,297,-2,1970.12,5
3904,1043,82,2,1166.75,10
3905,1351,240,2,2716.74,0
3906,1435,287,4,134.73,15
3907,1396,417,3,806.72,30
3908,872,249,4,1816.23,30
3909,427,4,1,459.12,5
3910,1056,81,3,2703.35,5
3911,947,387,2,1155.82,25
3912,1214,131,5,953.38,5
3913,1307,85,3,963.21,0
3914,1061,219,3,323.95,10
3915,489,240,1,2455.46,30
3916,16,474,5,1418.34,50
3917,1479,392,1,2486.81,25
3918,1138,487,6,1453.92,0
3919,974,471,4,2241.95,25
3920,238,150,1,424.92,30
3921,263,335,6,1514.34,25
3922,799,400,2,1809.6,0
3923,18,75,4,224.18,0
3924,290,73,6,584.42,10
3925,1383,111,3,2665.9,25
3926,107,435,3,2465.84,25
3927,1357,49,4,2273.39,25
3928,1458,348,4,1740.97,0
3929,1293,193,4,1097.47,0
3930,1250,396,4,1199.29,15
3931,933,21,4,1823.73,10
3932,1482,269,6,2564.81,20
3933,399,9,3,57.31,10
3934,1462,83,3,2808.83,0
3935,577,350,2,2139.38,20
3936,402,103,4,2871.78,50
3937,374,297,2,232.44,0
3938,530,361,2,44.79,50
3939,44,245,3,2016.93,10
3940,863,172,1,1481.06,0
3941,1312,43,5,2724.08,0
3942,674,23,1,212.38,0
3943,1452,5,2,97.04,20
3944,67,179,2,1683.77,20
3945,1470,433,2,1408.84,10
3946,689,443,-5,1671.14,25
3947,417,148,2,1525.26,15
3948,1462,252,2,2683.82,15
3949,1230,146,2,1713.51,0
3950,967,419,5,760.19,0
3951,497,474,6,1242.44,30
3952,1298,348,4,2496.1,10
3953,320,47,1,2827.52,5
3954,1014,419,6,1973.91,0
3955,867,399,3,1557.75,0
3956,636,171,-4,795.29,30
3957,1213,343,2,389.96,25
3958,6,353,1,2642.34,0
3959,1384,11,6,1640.58,0
3960,1361,156,1,2001.29,0
3961,773,45,1,1769.74,15
3962,1146,107,3,2472.59,10
3963,1015,489,1,1956.85,20
3964,1495,121,1,964.2,5
3965,862,196,6,1796.83,5
3966,412,465,1,179.35,0
3967,1480,27,1,1581.34,50
3968,1219,34,5,1661.37,5
3969,1068,415,1,2821.83,0
3970,1089,270,1,1932.87,0
3971,473,34,3,1008.63,10
3972,1230,350,2,156.46,50
3973,472,362,1,665.77,10
3974,909,46,-4,731.11,20
3975,856,274,4,2748.99,0
3976,51,72,5,2955.21,0
3977,1382,267,6,205.01,20
3978,1172,458,3,2093.74,25
3979,526,447,4,1045.71,0
3980,1471,425,2,2590.18,0
3981,181,349,1,1647.7,15
3982,435,5,6,2586.74,5
3983,887,310,4,1346.35,5
3984,1032,49,3,1675.31,0
3985,256,72,6,2003.46,10
3986,1242,209,2,2201.67,25
3987,730,388,6,2186.78,0
3988,831,246,4,2071.79,20
3989,202,246,5,1197.39,25
3990,257,278,6,2432.42,30
3991,444,222,4,1636.52,5
3992,1362,13,6,267.91,15
3993,1341,236,4,2773.33,0
3994,353,95,5,1278.22,0
3995,1528,426,4,2074.93,30
3996,1501,230,5,1932.53,5
3997,1506,87,4,565.85,15
3998,1542,496,5,1829.54,30
3999,1530,299,3,729.3,50
4000,1521,55,5,411.06,30
