order_id,customer_id,order_date,status,region_code
1,280,2025-09-07 02:38:56,DELIVERED,C
2,,2026-03-02 15:53:34,SHIPPED,W
3,230,2026-05-11 12:40:50,PLACED,N
4,146,2024-05-09 21:09:06,DELIVERED,E
5,4,2026-04-16 03:50:18,RETURNED,S
6,439,2025-03-26 13:16:42,PLACED,E
7,471,2026-07-02 14:34:36,DELIVERED,C
8,475,2025-09-28 00:49:48,SHIPPED,N
9,236,2026-05-22 11:17:27,SHIPPED,E
10,188,2026-03-05 12:38:47,SHIPPED,E
11,416,2025-02-19 09:43:38,PLACED,W
12,292,2025-04-17 06:02:08,DELIVERED,E
13,406,2026-05-31 02:26:41,SHIPPED,C
14,420,2026-07-14 15:01:42,PLACED,E
15,20,2026-05-20 22:17:01,DELIVERED,N
16,472,2026-05-30 19:11:03,SHIPPED,W
17,214,2023-11-24 06:29:31,RETURNED,S
18,383,2026-05-15 12:57:37,RETURNED,W
19,28,2025-11-14 19:03:34,DELIVERED,E
20,277,2025-11-22 11:27:13,PLACED,C
21,358,2025-10-22 21:20:14,SHIPPED,W
22,498,2025-07-14 15:15:34,CANCELLED,C
23,259,2025-07-23 02:20:52,SHIPPED,E
24,403,2025-06-27 22:21:36,PLACED,E
25,43,2025-11-02 20:08:34,DELIVERED,N
26,281,2025-08-22 07:44:07,SHIPPED,W
27,,2025-02-18 13:19:18,DELIVERED,S
28,391,2026-04-28 15:35:38,DELIVERED,S
29,250,2025-04-13 13:33:46,DELIVERED,S
30,288,2026-07-11 22:54:29,SHIPPED,N
31,137,2025-03-12 01:53:42,SHIPPED,C
32,46,2023-11-16 16:30:20,DELIVERED,W
33,188,2025-09-04 21:24:23,SHIPPED,E
34,305,2026-02-12 00:22:24,PLACED,E
35,87,2025-11-25 10:05:00,DELIVERED,W
36,320,2024-11-03 04:08:44,DELIVERED,S
37,103,2025-09-10 08:24:37,SHIPPED,N
38,58,2026-07-10 08:55:24,PLACED,C
39,,2023-08-18 09:48:01,RETURNED,E
40,8,2026-01-29 04:36:30,DELIVERED,N
41,157,2026-01-15 06:14:02,DELIVERED,E
42,108,2026-06-14 19:09:29,SHIPPED,C
43,268,2025-08-13 08:30:54,DELIVERED,C
44,374,2025-10-12 02:12:20,DELIVERED,N
45,193,2026-06-23 20:52:38,RETURNED,C
46,23,2025-10-17 08:51:50,SHIPPED,E
47,103,2025-04-04 01:28:00,PLACED,N
48,35,2025-04-07 01:36:50,DELIVERED,E
49,443,2025-06-19 03:33:00,PLACED,W
50,119,2026-03-03 19:31:15,DELIVERED,N
51,463,2025-07-15 22:14:42,DELIVERED,C
52,273,2025-04-21 00:41:35,SHIPPED,C
53,495,2025-01-08 02:05:15,DELIVERED,N
54,21,2024-07-08 15:27:47,RETURNED,E
55,171,2025-10-11 21:19:49,DELIVERED,S
56,10,2026-05-19 14:07:56,DELIVERED,E
57,321,2025-07-20 16:50:38,SHIPPED,C
58,142,2026-03-23 03:13:36,PLACED,E
59,450,2026-07-11 02:40:08,RETURNED,N
60,484,2025-06-12 19:56:59,SHIPPED,E
61,460,2026-06-30 13:14:00,DELIVERED,N
62,374,2026-01-13 15:10:50,DELIVERED,C
63,447,2026-07-02 16:47:45,DELIVERED,W
64,124,2025-11-23 21:25:10,SHIPPED,E
65,,2025-07-29 09:47:16,SHIPPED,C
66,,2023-07-24 16:49:16,SHIPPED,S
67,298,2026-07-06 08:54:01,DELIVERED,S
68,442,2026-04-25 07:49:22,SHIPPED,C
69,466,2025-01-17 11:55:52,DELIVERED,S
70,336,2025-01-05 18:43:05,SHIPPED,C
71,273,2025-05-14 14:46:04,SHIPPED,S
72,373,2023-04-27 10:09:26,CANCELLED,W
73,493,2026-03-29 21:02:45,SHIPPED,E
74,78,2025-02-05 01:00:45,PLACED,S
75,14,2026-07-14 07:26:45,RETURNED,C
76,137,2025-12-09 18:27:18,DELIVERED,S
77,306,2026-01-23 10:36:31,SHIPPED,N
78,184,2025-08-19 23:10:51,DELIVERED,W
79,69,2025-08-12 02:58:42,CANCELLED,W
80,365,2026-04-16 17:51:18,SHIPPED,W
81,252,2026-06-04 23:07:02,PLACED,S
82,116,2025-01-01 09:13:18,DELIVERED,N
83,474,2025-11-07 16:28:14,RETURNED,S
84,381,2026-06-15 00:00:00,RETURNED,S
85,34,2025-03-29 02:31:53,RETURNED,W
86,444,2026-06-10 22:55:55,DELIVERED,W
87,455,2024-05-23 00:42:17,DELIVERED,N
88,312,2025-12-12 16:24:31,DELIVERED,W
89,314,2026-07-11 11:39:22,DELIVERED,C
90,,2025-04-12 21:28:14,DELIVERED,N
91,267,2025-12-25 10:16:35,DELIVERED,N
92,450,2026-07-04 05:52:08,DELIVERED,W
93,377,2024-12-14 09:23:02,DELIVERED,C
94,392,2026-03-25 13:12:02,RETURNED,S
95,150,2025-12-11 00:49:57,DELIVERED,E
96,397,2026-05-28 17:38:46,SHIPPED,S
97,217,2026-05-01 21:50:42,DELIVERED,N
98,354,2026-04-24 17:46:01,RETURNED,W
99,425,2026-06-30 18:17:16,DELIVERED,C
100,58,2025-05-01 13:18:14,CANCELLED,C
101,,2023-07-30 04:35:54,DELIVERED,E
102,231,2024-08-05 18:18:39,SHIPPED,C
103,460,2026-07-16 01:48:47,RETURNED,W
104,47,2024-12-21 12:49:13,SHIPPED,S
105,368,2026-05-29 07:04:07,PLACED,N
106,362,2026-01-30 03:47:06,DELIVERED,N
107,269,2025-12-21 13:36:54,DELIVERED,C
108,314,2026-07-13 13:07:28,SHIPPED,C
109,195,2025-09-12 06:01:43,CANCELLED,E
110,290,2026-07-19 23:56:55,RETURNED,S
111,445,2025-09-28 23:32:33,SHIPPED,N
112,215,2025-03-01 11:33:50,SHIPPED,W
113,148,2026-05-19 04:28:04,SHIPPED,S
114,492,2025-01-07 07:21:36,PLACED,E
115,7,2026-04-04 05:45:03,DELIVERED,W
116,279,2024-11-13 20:59:34,DELIVERED,W
117,122,2025-11-10 13:07:52,DELIVERED,W
118,233,2025-02-18 13:23:02,DELIVERED,C
119,308,2026-01-26 14:17:00,SHIPPED,C
120,143,2026-02-24 00:00:00,DELIVERED,S
121,26,2025-07-10 04:52:11,PLACED,E
122,19,2026-04-03 16:11:13,RETURNED,C
123,430,2026-06-06 21:36:52,SHIPPED,N
124,26,2025-05-12 05:00:56,DELIVERED,S
125,,2023-09-08 15:00:47,DELIVERED,C
126,339,2026-06-21 14:15:38,DELIVERED,C
127,404,2025-12-14 04:00:40,SHIPPED,W
128,384,2026-05-09 11:49:24,DELIVERED,N
129,48,2026-04-12 04:33:41,SHIPPED,E
130,,2024-08-11 15:52:58,CANCELLED,W
131,432,2026-02-01 17:58:26,PLACED,W
132,69,2023-12-30 08:18:58,DELIVERED,E
133,169,2026-04-30 13:20:57,DELIVERED,S
134,357,2026-06-23 05:41:05,DELIVERED,N
135,293,2026-07-18 09:04:49,RETURNED,C
136,45,2026-07-02 16:45:38,DELIVERED,C
137,,2026-05-09 09:39:38,RETURNED,E
138,219,2026-07-03 10:33:24,CANCELLED,E
139,270,2026-06-19 06:57:50,RETURNED,E
140,475,2023-11-11 13:39:09,DELIVERED,W
141,267,2026-07-16 08:42:52,DELIVERED,S
142,453,2026-05-24 17:55:04,DELIVERED,S
143,1,2025-08-21 04:55:36,PLACED,N
144,378,2026-06-25 18:31:02,SHIPPED,C
145,213,2026-01-28 00:00:00,PLACED,E
146,,2025-05-20 13:48:15,CANCELLED,S
147,6,2025-11-21 05:42:43,SHIPPED,E
148,131,2026-06-17 16:01:57,PLACED,E
149,260,2026-07-04 16:10:58,SHIPPED,N
150,59,2026-06-25 04:09:00,SHIPPED,W
151,371,2026-02-14 06:57:03,DELIVERED,N
152,427,2025-10-15 17:06:59,SHIPPED,E
153,473,2026-06-11 07:32:51,RETURNED,N
154,331,2024-08-08 11:05:52,DELIVERED,W
155,457,2026-07-02 22:51:43,RETURNED,W
156,402,2025-05-22 14:45:58,RETURNED,N
157,428,2026-01-15 12:52:12,SHIPPED,E
158,285,2026-01-12 15:44:41,PLACED,C
159,351,2026-06-03 19:46:30,CANCELLED,E
160,34,2025-03-07 00:00:00,SHIPPED,N
161,174,2025-12-21 02:30:37,DELIVERED,S
162,293,2026-01-06 16:33:19,DELIVERED,C
163,60,2025-07-10 14:39:51,DELIVERED,E
164,,2026-01-07 16:45:14,PLACED,W
165,45,2026-07-03 08:21:46,RETURNED,E
166,232,2024-07-18 04:17:12,SHIPPED,E
167,90,2024-12-18 23:43:19,DELIVERED,N
168,399,2025-04-08 12:16:54,RETURNED,W
169,260,2026-06-09 04:26:42,CANCELLED,C
170,79,2025-02-05 17:41:27,SHIPPED,W
171,376,2026-06-29 11:24:13,SHIPPED,E
172,74,2026-06-06 02:53:32,CANCELLED,C
173,347,2024-10-29 11:14:51,SHIPPED,N
174,236,2026-05-25 13:41:56,DELIVERED,C
175,60,2024-03-25 02:19:37,SHIPPED,N
176,352,2026-07-01 01:57:44,DELIVERED,N
177,171,2025-09-23 23:31:04,RETURNED,N
178,267,2026-03-14 07:54:24,PLACED,E
179,328,2026-01-18 13:27:38,SHIPPED,S
180,147,2024-05-15 11:11:25,DELIVERED,W
181,344,2025-09-08 19:56:52,SHIPPED,S
182,141,2025-04-04 02:07:34,PLACED,C
183,287,2025-10-30 01:40:13,PLACED,C
184,180,2025-09-25 04:55:37,SHIPPED,S
185,483,2026-07-12 06:25:04,CANCELLED,C
186,126,2024-02-29 08:44:59,PLACED,C
187,457,2026-05-25 11:02:58,DELIVERED,N
188,67,2024-07-17 04:48:52,DELIVERED,N
189,55,2025-09-27 23:40:51,PLACED,W
190,201,2025-10-15 03:48:43,DELIVERED,C
191,323,2026-05-29 19:04:02,DELIVERED,C
192,183,2025-05-13 23:34:42,SHIPPED,S
193,366,2026-04-22 23:01:22,RETURNED,W
194,291,2025-04-01 03:58:58,PLACED,W
195,50,2025-03-09 13:49:26,SHIPPED,W
196,241,2025-09-24 04:58:59,RETURNED,S
197,441,2026-01-30 04:28:55,SHIPPED,E
198,,2024-09-01 01:41:13,SHIPPED,E
199,404,2025-06-12 00:00:00,DELIVERED,N
200,34,2025-11-15 18:25:46,PLACED,W
201,237,2024-11-27 01:29:54,SHIPPED,E
202,310,2026-06-29 22:09:28,PLACED,N
203,,2024-09-22 05:04:10,CANCELLED,N
204,167,2026-05-04 13:41:24,DELIVERED,E
205,273,2026-02-04 17:03:46,DELIVERED,W
206,123,2026-05-10 03:31:27,SHIPPED,S
207,499,2026-04-30 08:05:44,DELIVERED,E
208,107,2026-06-18 00:00:00,CANCELLED,W
209,291,2025-09-11 14:13:36,DELIVERED,S
210,89,2026-07-14 06:21:34,DELIVERED,C
211,429,2026-03-25 18:59:47,PLACED,C
212,238,2026-06-26 00:56:20,DELIVERED,W
213,91,2026-06-04 12:59:14,RETURNED,N
214,307,2025-08-28 00:00:00,DELIVERED,C
215,395,2026-07-12 17:13:56,DELIVERED,W
216,331,2024-04-15 02:02:57,PLACED,S
217,455,2025-10-23 00:00:00,RETURNED,N
218,388,2024-09-30 18:34:54,DELIVERED,W
219,273,2025-09-26 01:53:00,DELIVERED,C
220,,2024-11-25 15:19:28,SHIPPED,E
221,154,2026-06-14 08:47:29,CANCELLED,E
222,471,2026-06-26 20:00:22,DELIVERED,E
223,46,2025-11-16 02:43:28,PLACED,C
224,207,2024-05-22 14:58:07,RETURNED,N
225,190,2024-07-30 19:12:10,PLACED,C
226,421,2026-02-07 23:26:09,PLACED,E
227,,2023-02-18 10:39:05,SHIPPED,C
228,202,2026-04-20 11:53:47,SHIPPED,W
229,208,2025-06-07 19:10:45,DELIVERED,S
230,340,2025-01-05 07:45:37,DELIVERED,S
231,285,2025-05-22 15:13:44,CANCELLED,E
232,431,2024-11-01 00:45:48,SHIPPED,S
233,69,2023-07-11 19:32:33,PLACED,N
234,74,2026-07-13 20:02:45,DELIVERED,S
235,44,2024-05-13 04:52:19,DELIVERED,W
236,441,2025-09-27 04:50:17,RETURNED,C
237,477,2024-11-16 03:05:01,DELIVERED,W
238,261,2026-01-15 18:06:15,DELIVERED,W
239,197,2025-07-05 15:40:57,SHIPPED,W
240,310,2025-04-15 07:53:01,DELIVERED,S
241,365,2026-06-05 08:45:08,SHIPPED,C
242,296,2026-05-23 17:14:31,PLACED,N
243,291,2025-12-30 03:54:42,DELIVERED,N
244,298,2026-04-04 10:36:53,RETURNED,N
245,73,2026-06-01 17:45:35,DELIVERED,E
246,239,2025-04-06 03:18:33,PLACED,C
247,46,2024-06-09 19:58:25,DELIVERED,N
248,351,2026-07-14 02:41:32,CANCELLED,E
249,314,2026-01-20 08:53:47,RETURNED,C
250,399,2024-06-15 07:32:28,DELIVERED,C
251,464,2026-02-21 05:43:27,DELIVERED,E
252,216,2026-07-16 05:39:36,RETURNED,E
253,149,2025-05-09 06:57:53,PLACED,C
254,384,2025-10-07 23:24:02,DELIVERED,C
255,134,2024-07-24 06:41:06,DELIVERED,C
256,87,2026-05-17 17:46:53,PLACED,E
257,415,2026-01-15 19:07:42,DELIVERED,E
258,249,2025-11-15 02:31:06,PLACED,N
259,436,2025-06-19 16:18:38,SHIPPED,C
260,144,2024-12-26 02:00:09,RETURNED,N
261,380,2024-10-31 00:21:56,DELIVERED,C
262,379,2025-01-06 18:36:16,DELIVERED,E
263,414,2026-05-02 22:38:13,SHIPPED,S
264,249,2025-12-23 06:43:54,CANCELLED,N
265,176,2025-09-27 00:09:06,RETURNED,C
266,,2026-06-30 12:04:57,SHIPPED,W
267,386,2024-12-18 01:55:09,CANCELLED,S
268,339,2025-05-27 04:03:03,DELIVERED,S
269,108,2026-07-15 16:11:16,DELIVERED,E
270,28,2026-03-25 20:34:47,SHIPPED,N
271,27,2025-11-23 15:54:45,DELIVERED,W
272,155,2026-01-04 04:55:49,DELIVERED,C
273,120,2026-05-30 09:51:06,DELIVERED,W
274,243,2025-09-13 16:09:19,PLACED,W
275,7,2025-11-23 07:30:33,RETURNED,W
276,196,2025-09-09 07:42:29,RETURNED,N
277,50,2025-07-05 04:28:00,DELIVERED,W
278,313,2025-03-22 19:42:33,SHIPPED,E
279,411,2026-02-07 04:37:03,SHIPPED,C
280,201,2026-05-22 07:00:51,CANCELLED,S
281,376,2025-02-03 20:29:40,DELIVERED,S
282,161,2026-07-01 00:23:14,PLACED,N
283,426,2024-01-30 23:38:00,PLACED,N
284,269,2024-09-08 21:56:55,DELIVERED,E
285,113,2026-06-19 19:21:05,SHIPPED,S
286,18,2023-09-16 18:15:23,DELIVERED,N
287,481,2025-12-12 03:28:22,DELIVERED,S
288,487,2026-03-27 10:17:45,DELIVERED,N
289,45,2026-07-08 13:45:45,PLACED,C
290,412,2025-06-07 20:42:16,RETURNED,S
291,130,2026-04-28 03:57:21,DELIVERED,N
292,328,2026-04-23 03:57:33,RETURNED,E
293,394,2026-01-13 11:48:10,DELIVERED,E
294,132,2025-01-22 06:55:00,CANCELLED,E
295,398,2026-01-30 05:13:39,DELIVERED,E
296,31,2024-08-23 14:36:48,RETURNED,E
297,92,2026-02-10 06:51:28,PLACED,S
298,313,2025-09-25 07:16:06,SHIPPED,W
299,56,2024-09-28 02:47:09,DELIVERED,W
300,112,2026-05-16 07:12:25,DELIVERED,W
301,367,2025-10-03 00:17:15,PLACED,N
302,37,2025-09-19 06:08:06,DELIVERED,W
303,10,2026-07-11 23:06:07,DELIVERED,N
304,478,2024-03-11 15:08:37,DELIVERED,E
305,78,2025-09-13 11:19:33,RETURNED,C
306,2,2026-03-08 01:05:51,DELIVERED,W
307,245,2025-09-27 21:20:10,DELIVERED,N
308,277,2024-06-13 18:09:18,PLACED,W
309,63,2025-11-26 11:52:38,DELIVERED,E
310,171,2026-03-09 22:39:34,SHIPPED,N
311,324,2024-05-26 05:58:43,DELIVERED,E
312,42,2025-03-19 04:24:04,CANCELLED,E
313,332,2024-01-20 09:50:03,SHIPPED,N
314,496,2025-01-16 09:30:06,DELIVERED,E
315,357,2026-07-02 00:37:39,RETURNED,E
316,,2025-01-25 18:10:00,PLACED,W
317,377,2025-04-10 01:33:18,PLACED,S
318,13,2026-05-10 18:30:13,RETURNED,S
319,251,2025-08-22 22:04:02,PLACED,C
320,330,2025-05-22 01:48:20,DELIVERED,W
321,495,2023-02-22 03:14:25,PLACED,N
322,173,2026-06-19 21:49:21,DELIVERED,S
323,414,2026-06-18 09:30:27,DELIVERED,W
324,482,2026-01-07 00:00:00,RETURNED,C
325,77,2026-04-26 08:09:36,DELIVERED,N
326,19,2026-04-02 22:33:09,DELIVERED,N
327,242,2026-06-22 15:29:20,PLACED,S
328,8,2025-09-18 08:31:14,DELIVERED,E
329,421,2025-07-19 12:17:21,DELIVERED,S
330,428,2026-03-10 21:11:30,PLACED,N
331,59,2025-09-05 01:11:29,DELIVERED,C
332,113,2026-02-11 05:33:10,CANCELLED,W
333,173,2026-07-07 08:18:50,SHIPPED,C
334,280,2025-07-09 14:44:42,SHIPPED,S
335,392,2023-09-28 16:30:29,DELIVERED,E
336,33,2026-02-04 23:22:44,SHIPPED,W
337,87,2025-12-11 02:50:33,DELIVERED,W
338,125,2025-12-04 05:21:03,PLACED,N
339,406,2026-03-09 10:57:55,CANCELLED,N
340,451,2025-04-06 19:59:22,PLACED,N
341,92,2025-05-13 07:39:39,DELIVERED,C
342,455,2024-07-19 00:00:00,DELIVERED,W
343,355,2026-02-01 08:11:47,SHIPPED,E
344,268,2026-01-09 07:12:06,DELIVERED,S
345,313,2024-03-22 19:24:56,DELIVERED,W
346,314,2026-07-13 15:39:37,PLACED,E
347,179,2026-03-29 22:18:19,PLACED,S
348,99,2023-09-18 13:17:09,RETURNED,N
349,317,2024-10-06 22:13:08,RETURNED,C
350,260,2026-06-18 14:52:08,DELIVERED,S
351,142,2024-08-10 17:43:30,SHIPPED,S
352,351,2026-07-01 12:46:30,DELIVERED,S
353,344,2026-07-18 11:17:54,PLACED,E
354,146,2025-03-06 03:25:29,DELIVERED,E
355,316,2026-07-14 16:51:33,PLACED,N
356,474,2026-06-03 11:04:06,SHIPPED,N
357,249,2026-05-02 00:43:06,PLACED,S
358,370,2025-06-04 10:48:41,DELIVERED,E
359,215,2024-09-12 16:09:41,DELIVERED,E
360,118,2026-05-25 04:57:52,PLACED,S
361,51,2025-12-27 15:55:32,DELIVERED,S
362,193,2025-09-15 10:19:46,PLACED,C
363,249,2025-11-04 03:56:51,RETURNED,S
364,111,2026-01-29 06:54:37,DELIVERED,W
365,192,2025-06-05 05:32:14,DELIVERED,S
366,,2025-09-08 19:27:18,DELIVERED,E
367,104,2026-01-09 00:00:00,PLACED,C
368,31,2024-09-27 08:27:42,PLACED,W
369,235,2025-01-26 06:29:10,SHIPPED,E
370,113,2026-03-28 00:00:00,DELIVERED,C
371,464,2025-07-03 18:25:32,DELIVERED,C
372,438,2026-02-28 23:39:32,PLACED,C
373,251,2025-04-11 01:41:52,DELIVERED,W
374,143,2023-07-29 23:07:12,DELIVERED,S
375,127,2026-06-22 16:09:24,DELIVERED,S
376,457,2026-07-13 14:16:03,RETURNED,C
377,460,2026-06-11 17:26:58,DELIVERED,N
378,21,2025-06-20 11:13:03,DELIVERED,C
379,18,2025-06-02 05:47:50,DELIVERED,W
380,,2026-06-11 20:25:11,CANCELLED,N
381,232,2025-05-13 11:02:08,SHIPPED,C
382,386,2023-04-05 21:16:09,DELIVERED,W
383,487,2025-06-04 04:53:08,PLACED,E
384,123,2026-06-20 17:24:32,RETURNED,N
385,246,2026-03-10 19:32:33,SHIPPED,W
386,440,2026-01-29 00:30:32,DELIVERED,N
387,500,2025-05-01 19:38:43,DELIVERED,S
388,448,2026-01-17 03:43:53,SHIPPED,E
389,,2025-08-31 00:00:00,DELIVERED,N
390,441,2026-02-07 05:39:40,PLACED,E
391,272,2026-04-08 10:26:31,SHIPPED,E
392,358,2026-06-29 17:06:10,DELIVERED,S
393,,2026-05-08 15:16:49,DELIVERED,C
394,451,2024-08-14 20:07:50,DELIVERED,N
395,264,2026-07-14 01:10:23,DELIVERED,N
396,57,2025-10-04 00:00:00,DELIVERED,C
397,21,2025-01-08 05:29:45,DELIVERED,C
398,361,2024-09-04 16:16:41,DELIVERED,S
399,71,2025-07-16 19:09:06,SHIPPED,N
400,333,2026-07-16 20:37:55,DELIVERED,C
401,447,2025-08-13 19:00:55,CANCELLED,S
402,165,2025-08-28 20:07:03,RETURNED,C
403,349,2025-06-10 01:55:21,SHIPPED,N
404,191,2026-03-11 01:51:27,DELIVERED,C
405,270,2025-07-02 20:59:48,DELIVERED,C
406,348,2025-05-31 19:41:27,RETURNED,W
407,318,2024-11-29 15:56:35,CANCELLED,N
408,97,2026-04-11 23:18:41,PLACED,W
409,460,2026-06-20 03:51:53,SHIPPED,N
410,56,2024-10-30 13:45:23,SHIPPED,S
411,255,2026-01-04 06:38:55,RETURNED,C
412,488,2026-04-06 20:35:01,PLACED,W
413,497,2026-07-16 16:12:45,RETURNED,W
414,,2024-06-22 13:55:19,DELIVERED,N
415,150,2024-11-16 21:46:07,PLACED,S
416,428,2026-01-14 09:47:20,DELIVERED,W
417,297,2024-09-26 21:36:06,DELIVERED,E
418,249,2026-06-01 11:57:30,DELIVERED,C
419,432,2026-01-29 15:19:12,DELIVERED,E
420,291,2025-04-01 06:56:46,RETURNED,E
421,88,2026-03-30 01:15:31,SHIPPED,E
422,498,2025-03-14 07:48:25,CANCELLED,N
423,76,2025-08-21 00:32:20,SHIPPED,S
424,317,2023-11-29 12:14:30,DELIVERED,E
425,94,2024-09-13 09:04:51,CANCELLED,S
426,83,2024-12-22 19:01:34,PLACED,E
427,295,2024-10-25 12:44:10,DELIVERED,E
428,,2023-10-14 14:31:52,SHIPPED,N
429,341,2025-03-27 19:56:44,RETURNED,S
430,191,2026-04-20 03:46:29,DELIVERED,S
431,274,2025-10-08 08:36:48,PLACED,N
432,208,2025-09-07 08:05:50,CANCELLED,W
433,476,2025-09-20 10:24:22,SHIPPED,C
434,500,2025-07-22 11:31:52,SHIPPED,E
435,243,2025-10-04 19:14:16,RETURNED,C
436,342,2025-02-22 04:01:57,CANCELLED,W
437,174,2024-11-07 15:57:00,DELIVERED,N
438,72,2025-12-18 11:05:11,DELIVERED,E
439,13,2026-01-07 05:30:42,DELIVERED,S
440,229,2025-11-03 18:28:42,PLACED,N
441,312,2026-07-03 08:39:16,SHIPPED,C
442,114,2026-05-03 22:19:01,RETURNED,E
443,101,2026-03-23 00:00:00,PLACED,W
444,347,2025-12-21 23:57:53,RETURNED,C
445,202,2025-11-04 04:52:57,DELIVERED,C
446,310,2026-05-11 21:28:14,RETURNED,E
447,204,2025-12-29 08:34:47,DELIVERED,W
448,190,2025-12-30 01:47:41,DELIVERED,E
449,177,2025-08-18 16:02:35,SHIPPED,W
450,448,2026-05-18 01:40:47,PLACED,W
451,380,2026-02-15 08:33:28,CANCELLED,E
452,84,2026-05-09 03:57:20,DELIVERED,W
453,,2026-02-05 20:22:56,RETURNED,S
454,428,2026-03-07 21:11:27,DELIVERED,S
455,107,2026-04-30 03:32:00,DELIVERED,C
456,172,2024-09-07 00:56:47,RETURNED,C
457,388,2025-09-21 14:04:30,PLACED,W
458,328,2026-02-12 05:10:00,DELIVERED,C
459,237,2024-10-05 10:33:55,SHIPPED,W
460,149,2026-03-05 09:12:51,DELIVERED,E
461,428,2026-03-06 08:26:01,SHIPPED,C
462,379,2025-09-06 08:36:03,SHIPPED,N
463,79,2025-04-03 00:32:34,SHIPPED,W
464,64,2025-06-03 14:27:34,DELIVERED,W
465,465,2025-12-23 04:17:49,PLACED,E
466,253,2024-12-23 17:21:52,DELIVERED,E
467,298,2026-04-02 19:34:47,DELIVERED,E
468,322,2025-12-10 12:16:31,RETURNED,N
469,192,2026-03-24 08:56:44,DELIVERED,N
470,433,2024-06-21 22:03:57,SHIPPED,N
471,75,2026-04-21 06:56:08,DELIVERED,S
472,183,2024-09-24 07:32:31,PLACED,E
473,215,2025-05-14 22:13:48,PLACED,E
474,272,2026-04-17 00:00:00,DELIVERED,S
475,392,2023-12-13 16:27:23,DELIVERED,S
476,279,2025-07-17 23:37:21,RETURNED,E
477,139,2026-06-20 23:25:08,PLACED,C
478,181,2024-02-10 17:37:57,PLACED,C
479,145,2025-01-05 14:51:42,CANCELLED,W
480,175,2025-12-20 22:53:52,PLACED,S
481,258,2026-01-11 01:49:51,CANCELLED,C
482,315,2026-05-18 15:53:41,CANCELLED,C
483,434,2026-02-28 23:45:38,DELIVERED,N
484,214,2025-05-05 08:46:39,RETURNED,N
485,420,2026-02-13 20:37:58,RETURNED,W
486,179,2026-03-09 02:39:33,DELIVERED,S
487,419,2026-03-08 15:27:26,RETURNED,C
488,268,2025-10-17 02:57:50,SHIPPED,E
489,15,2026-07-18 16:42:03,CANCELLED,S
490,,2023-07-19 22:49:24,RETURNED,S
491,353,2024-01-28 05:25:34,SHIPPED,S
492,67,2024-10-02 06:29:39,DELIVERED,N
493,40,2023-06-29 00:00:00,CANCELLED,W
494,22,2025-09-29 17:51:51,PLACED,C
495,304,2026-04-16 16:34:10,DELIVERED,E
496,23,2025-05-23 09:45:10,SHIPPED,N
497,387,2024-08-16 19:23:11,CANCELLED,C
498,106,2026-02-01 18:23:17,RETURNED,S
499,344,2025-12-08 15:53:37,PLACED,S
500,434,2025-08-15 03:26:09,RETURNED,E
501,181,2024-03-07 21:27:59,RETURNED,C
502,124,2025-08-10 06:35:37,DELIVERED,N
503,420,2026-05-11 15:20:41,CANCELLED,C
504,112,2025-06-22 04:45:01,RETURNED,S
505,462,2026-05-06 10:59:31,DELIVERED,N
506,474,2025-09-25 07:28:33,RETURNED,W
507,188,2026-06-03 14:37:05,DELIVERED,W
508,345,2025-02-16 22:52:32,SHIPPED,E
509,195,2026-02-06 21:37:01,SHIPPED,S
510,209,2023-07-29 00:00:00,CANCELLED,E
511,64,2026-03-07 10:42:33,PLACED,S
512,254,2026-02-18 21:12:03,DELIVERED,C
513,370,2023-09-15 12:41:01,PLACED,W
514,60,2025-11-06 10:46:47,SHIPPED,C
515,377,2025-07-14 05:54:40,DELIVERED,W
516,116,2026-02-10 14:09:36,DELIVERED,W
517,97,2025-11-12 04:25:10,RETURNED,W
518,481,2026-04-23 04:13:26,DELIVERED,N
519,346,2026-04-05 06:08:43,DELIVERED,W
520,225,2025-06-01 08:55:01,DELIVERED,N
521,62,2025-12-22 05:12:23,DELIVERED,C
522,53,2026-01-19 10:21:45,PLACED,S
523,174,2025-03-24 06:53:04,DELIVERED,W
524,63,2024-06-25 01:30:06,CANCELLED,W
525,,2024-03-08 15:54:57,CANCELLED,C
526,304,2026-05-28 04:31:08,CANCELLED,W
527,183,2026-01-22 19:02:10,DELIVERED,W
528,249,2026-04-30 16:11:48,SHIPPED,W
529,56,2024-08-25 10:24:08,SHIPPED,W
530,119,2026-06-07 23:58:15,RETURNED,N
531,51,2025-08-06 12:57:34,CANCELLED,W
532,348,2023-04-06 14:40:12,RETURNED,W
533,310,2025-12-19 12:16:41,SHIPPED,C
534,320,2024-08-18 07:13:00,CANCELLED,C
535,393,2026-06-22 08:54:06,CANCELLED,S
536,151,2026-07-02 03:57:10,DELIVERED,C
537,134,2025-08-01 21:33:15,SHIPPED,C
538,280,2025-04-07 16:08:21,RETURNED,N
539,221,2026-06-03 21:20:43,RETURNED,W
540,,2024-11-30 05:31:22,SHIPPED,W
541,227,2025-11-27 17:40:42,PLACED,S
542,286,2026-03-21 19:04:35,RETURNED,S
543,252,2026-05-19 04:46:58,PLACED,W
544,250,2026-01-24 22:29:10,PLACED,W
545,338,2025-09-11 00:00:00,DELIVERED,C
546,241,2026-04-01 21:30:54,DELIVERED,S
547,260,2026-06-10 16:19:56,DELIVERED,W
548,303,2024-09-07 05:00:10,DELIVERED,E
549,393,2026-05-13 00:43:00,SHIPPED,N
550,303,2023-04-09 09:49:17,PLACED,E
551,179,2026-06-13 19:24:50,DELIVERED,N
552,392,2026-03-17 00:18:42,SHIPPED,N
553,220,2025-08-04 23:35:41,RETURNED,W
554,180,2023-08-21 11:40:16,DELIVERED,S
555,121,2026-05-01 21:38:31,SHIPPED,N
556,467,2026-05-24 15:15:32,PLACED,E
557,59,2024-12-31 04:45:53,SHIPPED,C
558,167,2024-02-18 16:27:33,DELIVERED,W
559,291,2026-01-23 14:57:33,RETURNED,E
560,11,2026-02-05 01:44:20,DELIVERED,N
561,163,2024-11-10 10:32:43,DELIVERED,E
562,294,2023-08-01 14:48:04,CANCELLED,N
563,354,2024-12-27 12:33:36,SHIPPED,C
564,416,2025-04-21 08:35:18,SHIPPED,E
565,187,2026-07-13 02:35:46,DELIVERED,W
566,326,2026-07-11 09:45:14,PLACED,C
567,110,2025-08-22 03:47:21,SHIPPED,E
568,294,2024-11-16 07:59:24,CANCELLED,C
569,381,2023-12-28 16:44:07,DELIVERED,C
570,49,2026-01-21 20:01:07,SHIPPED,N
571,291,2026-02-05 06:53:05,DELIVERED,S
572,178,2023-11-04 17:14:37,DELIVERED,E
573,259,2026-01-02 01:47:21,DELIVERED,C
574,161,2026-05-28 06:34:14,DELIVERED,E
575,320,2026-05-31 05:59:47,DELIVERED,C
576,93,2024-04-14 17:54:21,DELIVERED,C
577,442,2026-05-04 17:31:11,DELIVERED,S
578,339,2025-07-08 06:47:47,SHIPPED,C
579,415,2025-10-12 07:01:45,RETURNED,W
580,,2025-05-29 10:21:02,DELIVERED,N
581,268,2025-06-29 07:07:51,DELIVERED,S
582,124,2024-02-06 16:14:25,DELIVERED,E
583,433,2025-03-22 02:17:19,DELIVERED,N
584,325,2024-02-18 18:48:50,CANCELLED,E
585,422,2026-01-27 01:17:23,DELIVERED,E
586,352,2025-12-21 07:33:59,SHIPPED,S
587,59,2024-03-14 17:20:11,SHIPPED,S
588,409,2026-06-22 23:38:05,SHIPPED,W
589,287,2025-07-01 00:18:47,DELIVERED,N
590,104,2025-11-01 12:12:14,SHIPPED,N
591,133,2025-07-05 01:09:42,DELIVERED,S
592,330,2024-04-04 15:18:13,RETURNED,W
593,401,2026-01-29 12:31:37,PLACED,N
594,161,2026-07-06 06:11:11,SHIPPED,N
595,462,2025-12-22 16:36:53,RETURNED,N
596,204,2025-12-26 11:44:22,SHIPPED,C
597,377,2025-12-07 10:59:21,RETURNED,C
598,341,2026-04-29 13:01:21,DELIVERED,C
599,129,2025-07-24 03:48:45,RETURNED,S
600,308,2026-02-18 01:30:07,CANCELLED,E
601,169,2026-06-14 01:00:15,DELIVERED,S
602,479,2026-05-30 18:36:33,SHIPPED,N
603,90,2025-03-08 02:51:13,RETURNED,W
604,210,2025-11-06 18:46:31,RETURNED,N
605,252,2026-06-28 02:50:39,DELIVERED,N
606,163,2025-07-29 10:19:00,DELIVERED,S
607,494,2024-03-25 20:30:04,RETURNED,S
608,186,2026-01-01 08:00:43,DELIVERED,E
609,11,2025-12-27 19:12:56,RETURNED,C
610,18,2026-06-04 16:07:04,CANCELLED,N
611,354,2025-02-17 23:30:15,SHIPPED,W
612,159,2025-10-13 03:09:06,RETURNED,N
613,274,2025-08-18 17:36:35,RETURNED,W
614,5,2026-06-16 08:31:22,RETURNED,E
615,155,2025-08-07 07:00:04,RETURNED,S
616,153,2024-12-13 09:00:22,RETURNED,S
617,469,2025-09-02 01:41:05,DELIVERED,W
618,405,2026-02-23 15:54:06,SHIPPED,N
619,422,2026-04-16 12:44:26,DELIVERED,W
620,475,2024-09-21 22:22:46,DELIVERED,N
621,423,2024-11-23 11:05:17,DELIVERED,C
622,34,2025-08-11 20:37:56,DELIVERED,C
623,378,2025-12-05 00:00:00,DELIVERED,N
624,391,2026-04-12 13:50:56,DELIVERED,S
625,323,2025-05-11 12:40:54,CANCELLED,S
626,2,2025-09-10 19:58:59,SHIPPED,E
627,161,2026-07-03 18:05:25,PLACED,S
628,128,2025-06-28 06:24:32,DELIVERED,S
629,434,2026-04-18 02:02:31,DELIVERED,E
630,232,2025-04-17 04:13:42,RETURNED,S
631,134,2024-10-19 07:39:30,DELIVERED,E
632,410,2025-12-21 20:03:40,SHIPPED,W
633,189,2025-10-26 12:49:21,DELIVERED,W
634,484,2025-03-18 07:03:11,PLACED,N
635,473,2025-05-18 07:55:14,RETURNED,W
636,102,2026-07-15 19:59:15,DELIVERED,S
637,26,2025-12-25 03:02:07,DELIVERED,C
638,134,2024-09-30 12:01:08,PLACED,E
639,88,2026-02-02 15:35:59,PLACED,C
640,223,2026-06-02 01:44:38,RETURNED,W
641,424,2026-04-30 03:31:42,PLACED,S
642,98,2025-01-23 11:45:01,SHIPPED,W
643,196,2024-11-25 04:09:58,DELIVERED,S
644,308,2026-03-08 04:15:50,RETURNED,E
645,373,2026-01-27 14:21:41,SHIPPED,S
646,210,2026-06-03 00:00:00,PLACED,E
647,500,2024-07-05 22:32:34,SHIPPED,W
648,465,2025-12-25 22:48:13,DELIVERED,W
649,44,2023-10-29 01:41:46,DELIVERED,E
650,499,2025-12-19 13:46:44,DELIVERED,W
651,363,2026-02-19 10:04:10,DELIVERED,E
652,38,2024-08-03 14:39:32,DELIVERED,N
653,171,2025-03-27 18:04:55,DELIVERED,E
654,311,2025-12-28 10:33:55,RETURNED,C
655,364,2023-09-23 09:19:35,PLACED,C
656,318,2024-12-19 12:51:25,SHIPPED,W
657,,2025-11-08 18:27:43,DELIVERED,C
658,22,2026-02-25 22:16:13,SHIPPED,S
659,258,2026-04-26 14:30:14,RETURNED,W
660,,2023-07-24 22:19:00,PLACED,C
661,,2024-11-03 12:47:15,PLACED,N
662,161,2026-05-13 03:15:46,RETURNED,W
663,447,2025-10-08 00:00:00,DELIVERED,W
664,145,2024-07-19 01:18:10,DELIVERED,E
665,265,2024-12-31 00:00:00,DELIVERED,S
666,162,2026-07-16 05:41:29,RETURNED,S
667,285,2026-06-18 04:36:00,CANCELLED,N
668,97,2025-12-12 20:51:41,PLACED,S
669,19,2026-06-05 18:12:20,SHIPPED,W
670,224,2026-02-08 03:28:24,RETURNED,W
671,21,2025-05-06 05:03:46,DELIVERED,C
672,249,2026-04-09 20:05:51,DELIVERED,S
673,64,2025-09-07 18:49:41,PLACED,E
674,93,2024-12-03 06:48:58,DELIVERED,E
675,289,2025-03-23 03:32:45,DELIVERED,N
676,270,2026-06-15 21:46:59,SHIPPED,N
677,127,2026-07-09 06:11:03,DELIVERED,E
678,14,2026-01-09 14:36:48,DELIVERED,N
679,202,2026-01-12 18:17:33,DELIVERED,N
680,429,2025-07-15 10:29:13,SHIPPED,N
681,236,2026-07-07 14:13:21,DELIVERED,W
682,233,2026-01-23 12:40:11,RETURNED,C
683,337,2024-02-07 12:39:40,SHIPPED,N
684,336,2026-04-09 03:07:53,SHIPPED,C
685,67,2025-04-26 12:12:59,RETURNED,E
686,166,2026-07-15 01:44:01,PLACED,N
687,281,2026-07-03 19:51:38,DELIVERED,W
688,131,2025-10-22 22:03:27,SHIPPED,W
689,46,2023-06-26 17:49:55,RETURNED,S
690,199,2026-06-09 20:49:12,DELIVERED,S
691,62,2026-02-20 11:34:49,DELIVERED,W
692,377,2025-07-12 00:00:00,RETURNED,C
693,68,2026-05-06 04:21:31,DELIVERED,E
694,263,2024-02-23 14:04:23,DELIVERED,W
695,244,2025-07-09 01:52:53,DELIVERED,W
696,47,2025-09-15 10:22:24,CANCELLED,C
697,96,2026-04-15 04:57:24,DELIVERED,N
698,21,2025-08-25 18:46:21,SHIPPED,W
699,347,2025-01-08 13:10:28,DELIVERED,S
700,477,2025-03-04 06:38:02,DELIVERED,C
701,43,2025-01-19 05:11:23,DELIVERED,N
702,465,2026-06-22 01:08:33,SHIPPED,S
703,351,2026-05-28 17:51:24,CANCELLED,C
704,219,2026-06-18 05:27:44,DELIVERED,C
705,40,2023-08-09 15:06:08,DELIVERED,C
706,218,2025-05-10 06:16:52,PLACED,C
707,417,2024-08-29 20:36:36,DELIVERED,C
708,42,2026-07-12 05:01:58,DELIVERED,N
709,380,2026-04-29 18:52:49,SHIPPED,S
710,432,2025-06-02 01:26:09,PLACED,W
711,449,2026-03-06 16:52:26,SHIPPED,W
712,388,2026-01-14 19:32:16,DELIVERED,E
713,175,2025-12-30 08:06:34,SHIPPED,N
714,383,2026-05-18 06:15:05,SHIPPED,N
715,223,2026-03-01 06:15:29,PLACED,W
716,60,2024-04-08 09:07:53,SHIPPED,W
717,236,2026-06-24 02:34:42,DELIVERED,C
718,372,2026-06-07 14:22:05,SHIPPED,C
719,185,2025-11-30 10:20:43,DELIVERED,W
720,412,2025-09-07 10:17:49,PLACED,S
721,8,2025-10-02 18:22:30,PLACED,N
722,357,2026-06-22 00:00:00,RETURNED,S
723,247,2024-10-14 17:04:47,DELIVERED,W
724,432,2026-05-30 04:06:04,RETURNED,C
725,98,2024-04-18 16:47:20,SHIPPED,W
726,76,2026-02-24 18:49:54,DELIVERED,N
727,86,2025-10-24 05:35:44,DELIVERED,W
728,494,2025-02-10 21:41:34,DELIVERED,W
729,300,2025-05-08 20:09:58,SHIPPED,C
730,425,2025-05-31 14:45:26,PLACED,N
731,53,2026-07-17 17:35:39,CANCELLED,W
732,213,2026-06-03 23:00:27,DELIVERED,C
733,375,2026-04-27 10:31:50,RETURNED,N
734,250,2025-04-16 00:00:00,DELIVERED,C
735,372,2026-06-08 12:20:47,SHIPPED,N
736,271,2023-02-11 11:41:58,DELIVERED,E
737,284,2024-02-10 02:40:17,SHIPPED,W
738,456,2025-10-09 13:17:51,PLACED,C
739,481,2026-03-02 23:42:38,SHIPPED,W
740,,2023-02-02 07:44:18,SHIPPED,S
741,241,2025-12-20 07:40:11,DELIVERED,C
742,113,2026-05-24 02:07:36,RETURNED,E
743,472,2026-01-19 16:29:54,RETURNED,W
744,68,2026-04-23 10:24:23,DELIVERED,W
745,492,2025-06-22 12:47:02,CANCELLED,E
746,,2026-05-21 12:00:42,DELIVERED,S
747,319,2026-02-24 11:46:06,SHIPPED,N
748,342,2025-11-09 23:54:56,PLACED,S
749,81,2025-09-10 20:58:56,DELIVERED,W
750,483,2026-06-01 08:49:02,SHIPPED,S
751,,2025-05-15 00:08:46,PLACED,N
752,,2024-07-11 08:32:22,RETURNED,E
753,347,2024-11-18 13:50:26,SHIPPED,C
754,17,2024-03-05 04:55:01,SHIPPED,N
755,317,2024-03-10 21:11:09,PLACED,S
756,,2025-01-25 13:00:45,SHIPPED,E
757,402,2025-02-20 09:49:15,CANCELLED,C
758,137,2024-01-03 20:13:14,RETURNED,C
759,310,2025-06-29 10:43:35,DELIVERED,W
760,410,2026-05-07 00:36:15,RETURNED,N
761,500,2023-11-06 17:53:09,CANCELLED,C
762,401,2026-07-11 00:00:00,RETURNED,C
763,22,2026-01-28 12:10:20,PLACED,N
764,446,2024-05-14 15:05:43,RETURNED,S
765,373,2024-06-08 10:04:22,DELIVERED,C
766,256,2026-06-16 09:01:47,RETURNED,S
767,332,2024-09-25 22:02:56,SHIPPED,S
768,63,2024-05-07 22:30:34,DELIVERED,W
769,394,2025-02-20 23:03:24,SHIPPED,W
770,175,2026-02-07 00:08:13,DELIVERED,N
771,137,2024-12-12 13:18:58,DELIVERED,W
772,185,2025-10-13 21:05:12,DELIVERED,S
773,386,2026-05-31 02:53:24,DELIVERED,S
774,71,2026-07-14 09:39:41,DELIVERED,W
775,460,2026-07-03 18:01:11,RETURNED,C
776,407,2025-11-15 09:28:13,RETURNED,W
777,,2023-08-15 03:46:34,CANCELLED,C
778,484,2024-07-20 15:44:27,PLACED,E
779,206,2026-07-16 12:23:45,SHIPPED,N
780,202,2026-06-11 12:39:46,PLACED,S
781,463,2026-02-02 04:14:36,PLACED,C
782,499,2025-07-14 09:16:14,DELIVERED,C
783,448,2025-10-30 16:15:31,DELIVERED,E
784,466,2025-06-28 18:12:00,PLACED,E
785,461,2026-02-14 00:46:54,DELIVERED,S
786,359,2026-06-26 04:23:23,DELIVERED,S
787,455,2025-08-28 09:34:56,DELIVERED,C
788,334,2026-07-06 01:57:40,DELIVERED,W
789,398,2026-03-23 14:39:52,RETURNED,N
790,19,2026-06-18 00:00:00,SHIPPED,S
791,267,2026-06-10 23:54:17,SHIPPED,N
792,262,2025-08-14 11:36:54,SHIPPED,E
793,388,2024-10-21 10:30:57,PLACED,C
794,,2025-07-09 10:08:07,SHIPPED,E
795,372,2026-04-18 21:45:27,RETURNED,N
796,,2026-02-11 02:25:20,PLACED,E
797,133,2026-04-02 07:02:55,DELIVERED,N
798,25,2024-10-11 17:29:15,DELIVERED,C
799,378,2025-08-02 10:31:34,DELIVERED,S
800,413,2025-12-28 19:11:06,DELIVERED,C
801,433,2025-11-25 21:29:28,SHIPPED,E
802,146,2024-11-17 23:52:04,DELIVERED,C
803,378,2025-11-04 14:02:37,PLACED,C
804,299,2025-03-27 23:37:04,CANCELLED,E
805,233,2023-10-22 15:05:02,PLACED,W
806,425,2025-07-02 04:19:31,PLACED,N
807,218,2024-02-25 16:54:49,DELIVERED,W
808,40,2024-12-25 06:07:43,DELIVERED,W
809,302,2026-06-12 01:42:48,DELIVERED,W
810,447,2025-09-24 15:46:45,DELIVERED,W
811,226,2026-05-06 08:01:40,RETURNED,W
812,375,2026-03-05 02:02:09,CANCELLED,S
813,259,2025-08-20 20:50:33,DELIVERED,W
814,67,2024-12-02 13:24:57,DELIVERED,W
815,243,2025-03-19 00:18:48,DELIVERED,C
816,190,2024-11-09 18:23:33,DELIVERED,W
817,57,2025-03-15 03:40:51,DELIVERED,E
818,21,2025-09-09 10:34:25,SHIPPED,E
819,157,2025-09-19 19:35:39,SHIPPED,W
820,15,2026-07-19 19:55:51,PLACED,C
821,216,2026-07-14 09:20:55,RETURNED,E
822,456,2024-12-18 14:57:54,SHIPPED,W
823,2,2024-07-05 00:00:00,DELIVERED,N
824,446,2023-09-07 23:37:31,DELIVERED,C
825,159,2026-03-01 04:40:27,RETURNED,W
826,244,2026-06-24 19:27:35,CANCELLED,S
827,391,2026-04-29 08:36:41,DELIVERED,W
828,390,2026-04-23 20:56:14,DELIVERED,S
829,444,2026-02-03 00:12:19,PLACED,C
830,341,2025-11-21 00:14:10,DELIVERED,S
831,461,2025-07-23 08:45:11,SHIPPED,N
832,491,2026-02-21 01:59:10,RETURNED,E
833,331,2024-05-27 02:27:33,RETURNED,N
834,293,2026-02-13 15:00:12,CANCELLED,E
835,288,2026-06-03 01:45:15,DELIVERED,N
836,99,2025-11-05 03:14:09,DELIVERED,N
837,491,2025-09-18 10:16:47,DELIVERED,W
838,258,2025-10-24 10:51:56,PLACED,C
839,93,2024-04-15 07:42:37,SHIPPED,S
840,,2024-01-17 00:57:02,CANCELLED,C
841,228,2025-08-03 06:36:39,CANCELLED,C
842,165,2025-11-13 02:11:01,DELIVERED,W
843,442,2026-04-03 00:35:59,SHIPPED,S
844,213,2024-06-01 06:45:36,RETURNED,E
845,196,2025-06-10 00:00:00,PLACED,N
846,278,2026-06-15 03:17:12,SHIPPED,S
847,131,2026-06-09 03:59:43,PLACED,E
848,488,2025-04-30 02:23:52,DELIVERED,N
849,315,2025-08-08 15:41:33,SHIPPED,N
850,153,2025-09-18 07:14:08,PLACED,S
851,212,2026-03-24 00:00:00,SHIPPED,N
852,,2023-03-22 14:09:23,SHIPPED,C
853,301,2025-04-28 07:04:37,DELIVERED,C
854,198,2023-11-28 16:46:12,SHIPPED,E
855,238,2026-07-18 03:37:06,DELIVERED,W
856,15,2026-07-10 12:24:13,DELIVERED,N
857,138,2026-07-12 00:08:16,RETURNED,N
858,127,2026-07-14 18:03:50,DELIVERED,S
859,156,2026-03-13 17:07:14,DELIVERED,N
860,434,2026-05-20 12:55:52,DELIVERED,S
861,192,2026-04-15 01:17:53,RETURNED,S
862,276,2026-05-04 21:12:27,RETURNED,C
863,232,2023-06-08 23:35:33,PLACED,W
864,493,2026-06-19 05:31:25,SHIPPED,S
865,1,2025-07-29 16:01:41,RETURNED,W
866,140,2026-03-18 02:08:56,CANCELLED,W
867,180,2026-01-31 21:28:26,SHIPPED,C
868,145,2023-08-15 19:40:42,SHIPPED,C
869,289,2024-08-13 20:13:02,SHIPPED,W
870,358,2025-08-07 21:50:11,CANCELLED,C
871,144,2025-08-26 13:53:30,SHIPPED,C
872,491,2024-08-23 01:15:33,RETURNED,E
873,326,2025-12-19 05:02:40,RETURNED,W
874,140,2026-03-16 03:54:43,DELIVERED,E
875,175,2026-01-08 00:00:00,DELIVERED,C
876,169,2025-03-29 12:17:54,RETURNED,S
877,331,2024-01-13 18:09:45,DELIVERED,N
878,462,2025-07-21 08:18:54,DELIVERED,W
879,285,2025-10-31 18:51:33,CANCELLED,C
880,42,2026-01-07 11:54:16,DELIVERED,C
881,16,2026-02-20 03:14:25,DELIVERED,N
882,181,2025-02-06 00:00:00,CANCELLED,E
883,199,2023-11-17 05:13:41,CANCELLED,N
884,64,2026-03-02 11:03:46,DELIVERED,S
885,228,2025-07-05 00:54:26,SHIPPED,N
886,389,2025-04-20 15:29:30,DELIVERED,E
887,99,2023-08-06 18:28:18,CANCELLED,E
888,414,2026-06-24 14:32:39,SHIPPED,W
889,496,2024-12-14 12:25:56,PLACED,W
890,464,2026-06-07 11:45:36,SHIPPED,S
891,421,2026-03-08 14:12:43,PLACED,E
892,292,2026-06-30 16:52:41,DELIVERED,C
893,100,2026-05-17 03:48:04,DELIVERED,C
894,290,2026-07-17 01:27:39,PLACED,S
895,382,2024-05-01 17:24:04,PLACED,C
896,439,2025-01-18 00:36:30,RETURNED,E
897,99,2026-02-05 05:09:20,PLACED,C
898,315,2025-06-13 10:37:29,DELIVERED,W
899,2,2025-10-21 22:12:30,DELIVERED,N
900,438,2026-04-06 05:14:58,DELIVERED,W
901,141,2025-04-09 17:24:43,DELIVERED,W
902,254,2026-02-19 01:19:40,DELIVERED,N
903,453,2026-05-23 03:49:36,PLACED,W
904,273,2026-01-26 07:15:13,SHIPPED,W
905,100,2024-12-28 01:58:45,PLACED,C
906,414,2026-04-18 09:02:52,RETURNED,S
907,354,2025-12-01 00:54:21,RETURNED,S
908,101,2026-04-20 00:00:00,SHIPPED,N
909,321,2026-03-28 13:24:47,PLACED,W
910,222,2025-11-23 15:38:44,DELIVERED,E
911,431,2024-02-15 21:02:18,SHIPPED,W
912,123,2025-03-01 01:39:02,CANCELLED,E
913,267,2026-02-12 21:59:08,RETURNED,C
914,318,2025-03-19 00:02:06,CANCELLED,W
915,297,2023-10-24 07:14:11,PLACED,N
916,470,2024-03-02 03:05:14,DELIVERED,N
917,401,2026-02-19 10:06:19,PLACED,W
918,29,2026-07-17 18:38:34,DELIVERED,W
919,34,2025-01-29 15:45:30,DELIVERED,C
920,27,2026-01-12 02:35:13,CANCELLED,W
921,50,2025-11-15 19:06:02,CANCELLED,S
922,443,2026-07-06 01:12:43,CANCELLED,C
923,6,2025-06-28 19:55:09,DELIVERED,W
924,451,2025-10-30 19:39:25,DELIVERED,E
925,334,2026-07-17 10:09:45,CANCELLED,W
926,265,2025-01-24 08:35:23,DELIVERED,N
927,53,2025-11-19 16:17:10,DELIVERED,N
928,304,2026-05-12 18:40:57,RETURNED,S
929,327,2025-03-03 23:24:55,SHIPPED,W
930,,2025-01-17 19:52:00,DELIVERED,W
931,96,2026-03-09 03:02:57,PLACED,N
932,31,2024-02-02 19:03:50,SHIPPED,W
933,263,2026-01-25 11:39:18,CANCELLED,E
934,299,2025-01-14 01:55:09,PLACED,E
935,309,2025-08-14 09:03:11,SHIPPED,N
936,266,2025-09-19 17:27:49,DELIVERED,S
937,30,2024-05-16 19:50:02,DELIVERED,C
938,440,2023-11-19 19:04:44,DELIVERED,S
939,500,2024-04-01 12:21:26,DELIVERED,S
940,403,2024-02-07 00:00:00,SHIPPED,W
941,356,2026-05-24 14:13:25,RETURNED,C
942,355,2026-04-21 15:58:20,RETURNED,C
943,494,2024-06-23 20:09:57,DELIVERED,W
944,169,2025-07-21 05:29:32,PLACED,N
945,254,2025-10-31 17:01:35,RETURNED,S
946,355,2026-03-13 11:46:57,DELIVERED,S
947,123,2025-10-04 11:09:00,DELIVERED,E
948,414,2026-06-26 18:26:29,DELIVERED,W
949,95,2025-01-13 07:44:13,DELIVERED,N
950,184,2025-07-31 18:12:02,DELIVERED,S
951,149,2025-12-07 06:11:19,SHIPPED,C
952,468,2026-02-13 03:09:30,PLACED,N
953,102,2026-07-15 10:40:23,SHIPPED,S
954,454,2025-02-24 04:55:38,DELIVERED,E
955,434,2026-03-18 09:30:01,SHIPPED,S
956,12,2024-12-12 19:40:03,CANCELLED,N
957,11,2026-05-21 07:24:16,DELIVERED,W
958,336,2024-10-24 15:29:21,SHIPPED,S
959,,2024-04-18 21:55:21,DELIVERED,E
960,415,2025-04-07 06:28:45,DELIVERED,C
961,410,2026-04-18 20:04:08,RETURNED,N
962,61,2025-10-03 07:12:20,RETURNED,S
963,407,2025-02-20 23:52:41,SHIPPED,W
964,356,2025-09-19 21:59:50,SHIPPED,W
965,326,2025-12-12 16:21:20,RETURNED,C
966,301,2025-02-13 16:17:19,RETURNED,E
967,405,2026-03-17 22:22:25,SHIPPED,N
968,323,2024-08-30 19:14:09,RETURNED,C
969,496,2025-11-22 23:00:19,RETURNED,S
970,373,2023-07-17 02:02:15,CANCELLED,C
971,34,2025-03-21 14:44:31,DELIVERED,C
972,192,2026-03-13 13:07:15,DELIVERED,S
973,165,2025-09-30 17:16:57,DELIVERED,W
974,367,2026-04-04 03:50:21,DELIVERED,C
975,206,2026-05-25 08:56:10,RETURNED,C
976,333,2026-07-14 04:16:38,SHIPPED,S
977,232,2024-04-03 03:57:42,DELIVERED,E
978,218,2025-03-15 10:28:24,DELIVERED,E
979,131,2026-03-16 14:23:34,PLACED,N
980,152,2025-07-15 05:09:07,DELIVERED,S
981,299,2024-08-04 18:33:24,DELIVERED,C
982,173,2026-07-08 12:23:06,DELIVERED,W
983,210,2025-12-20 17:55:55,CANCELLED,E
984,140,2026-05-08 03:38:59,PLACED,W
985,120,2026-05-08 05:45:12,DELIVERED,E
986,462,2025-08-18 15:13:56,SHIPPED,C
987,263,2025-08-15 06:59:31,DELIVERED,E
988,475,2024-04-11 20:25:06,PLACED,N
989,185,2024-07-11 17:05:02,DELIVERED,E
990,101,2026-05-22 04:08:12,SHIPPED,E
991,98,2026-07-02 07:00:36,RETURNED,C
992,468,2026-01-05 18:31:11,PLACED,E
993,145,2024-11-25 15:16:32,CANCELLED,W
994,485,2026-04-15 07:10:43,CANCELLED,N
995,,2025-01-03 05:35:03,DELIVERED,S
996,444,2026-03-31 03:46:12,SHIPPED,S
997,243,2025-08-22 05:23:01,DELIVERED,C
998,388,2026-02-13 00:05:44,DELIVERED,W
999,175,2025-11-20 23:46:37,SHIPPED,S
1000,220,2025-11-25 16:15:45,SHIPPED,W
1001,437,2025-08-22 00:34:09,PLACED,S
1002,296,2026-07-11 22:07:32,PLACED,N
1003,256,2026-07-01 11:50:05,DELIVERED,E
1004,,2024-06-11 21:29:29,SHIPPED,W
1005,352,2026-04-17 21:45:13,DELIVERED,C
1006,154,2026-05-21 15:46:17,DELIVERED,C
1007,,2026-05-05 00:15:41,PLACED,S
1008,79,2025-05-25 12:12:15,DELIVERED,C
1009,468,2026-05-20 10:00:54,DELIVERED,W
1010,196,2025-03-20 03:16:59,RETURNED,N
1011,274,2025-12-13 06:46:51,SHIPPED,N
1012,169,2026-06-02 12:54:12,RETURNED,E
1013,48,2023-09-27 15:29:43,PLACED,C
1014,91,2026-05-08 17:54:55,CANCELLED,C
1015,251,2024-11-14 19:13:16,SHIPPED,N
1016,467,2026-01-27 07:30:33,SHIPPED,S
1017,150,2026-04-21 19:57:54,PLACED,N
1018,189,2026-07-15 00:17:32,PLACED,E
1019,,2024-09-30 06:01:01,DELIVERED,N
1020,67,2026-03-14 03:27:49,DELIVERED,N
1021,200,2026-06-12 16:34:25,RETURNED,S
1022,446,2024-05-15 01:56:11,SHIPPED,W
1023,82,2026-02-16 22:37:16,DELIVERED,C
1024,367,2026-03-07 07:48:56,SHIPPED,N
1025,74,2026-07-09 20:34:46,PLACED,W
1026,310,2025-10-18 06:48:43,DELIVERED,C
1027,451,2025-04-13 00:47:25,DELIVERED,C
1028,21,2023-11-08 20:34:11,SHIPPED,W
1029,178,2026-06-30 12:47:07,CANCELLED,E
1030,201,2025-10-12 03:55:04,DELIVERED,S
1031,461,2026-07-03 18:09:58,DELIVERED,W
1032,197,2024-10-11 16:10:07,DELIVERED,N
1033,202,2026-05-19 00:19:04,RETURNED,S
1034,454,2026-06-11 00:00:00,SHIPPED,C
1035,150,2024-05-10 21:28:04,DELIVERED,S
1036,466,2025-10-22 17:55:01,DELIVERED,C
1037,,2023-07-08 07:48:18,RETURNED,N
1038,387,2024-08-30 08:31:39,DELIVERED,E
1039,210,2026-01-22 03:30:01,SHIPPED,S
1040,260,2026-06-10 03:23:51,DELIVERED,N
1041,328,2026-07-18 10:48:40,DELIVERED,W
1042,176,2026-06-10 22:18:01,DELIVERED,S
1043,204,2025-11-16 13:42:33,PLACED,N
1044,364,2024-02-11 16:53:07,SHIPPED,W
1045,249,2026-04-11 05:37:37,PLACED,C
1046,337,2025-02-08 21:34:55,DELIVERED,W
1047,72,2025-07-10 12:12:51,CANCELLED,S
1048,88,2025-12-26 02:12:07,DELIVERED,S
1049,151,2025-05-10 07:59:24,DELIVERED,W
1050,87,2025-04-28 01:11:31,DELIVERED,N
1051,347,2025-02-15 15:00:43,SHIPPED,E
1052,92,2025-08-20 09:00:52,DELIVERED,C
1053,111,2025-09-21 06:48:23,DELIVERED,C
1054,329,2026-01-26 03:48:34,DELIVERED,N
1055,200,2025-12-29 01:28:38,SHIPPED,N
1056,307,2025-07-18 14:26:56,PLACED,W
1057,393,2026-04-26 23:18:32,RETURNED,E
1058,466,2025-04-07 17:21:21,SHIPPED,N
1059,216,2026-07-14 06:19:58,RETURNED,E
1060,421,2025-10-01 04:36:00,DELIVERED,N
1061,113,2026-02-17 17:38:31,CANCELLED,S
1062,371,2025-09-11 05:12:39,PLACED,C
1063,56,2025-07-09 19:32:40,SHIPPED,S
1064,320,2025-02-06 00:00:00,RETURNED,W
1065,481,2025-03-28 20:54:53,PLACED,S
1066,55,2025-08-17 00:10:43,SHIPPED,N
1067,206,2026-05-31 13:00:55,SHIPPED,W
1068,109,2025-08-19 08:57:03,SHIPPED,E
1069,333,2026-07-17 17:48:35,DELIVERED,N
1070,454,2025-01-21 11:11:03,DELIVERED,C
1071,256,2026-02-13 21:34:34,DELIVERED,C
1072,,2023-09-24 08:27:32,SHIPPED,N
1073,308,2026-03-29 07:15:04,RETURNED,W
1074,,2025-11-19 01:57:47,RETURNED,S
1075,171,2025-02-09 12:43:40,DELIVERED,E
1076,436,2026-05-03 00:28:48,PLACED,N
1077,,2025-08-03 07:45:59,RETURNED,W
1078,196,2026-07-09 00:00:00,DELIVERED,S
1079,258,2026-06-02 08:30:27,DELIVERED,N
1080,120,2026-03-21 18:42:48,DELIVERED,N
1081,159,2025-03-30 16:25:37,DELIVERED,S
1082,318,2023-09-08 02:19:53,PLACED,E
1083,256,2026-03-23 17:24:55,SHIPPED,W
1084,105,2024-02-28 00:00:00,SHIPPED,C
1085,485,2026-05-14 18:56:54,DELIVERED,E
1086,69,2024-08-28 20:15:57,SHIPPED,N
1087,267,2026-04-23 02:27:41,DELIVERED,E
1088,385,2025-03-14 14:00:39,SHIPPED,E
1089,176,2025-11-27 00:00:00,SHIPPED,N
1090,465,2025-12-25 23:10:41,CANCELLED,S
1091,312,2025-12-13 13:07:59,DELIVERED,S
1092,227,2026-04-08 21:03:43,PLACED,W
1093,36,2023-11-07 03:43:33,PLACED,S
1094,481,2024-04-15 00:00:00,PLACED,S
1095,304,2026-05-14 20:49:20,SHIPPED,N
1096,219,2026-07-09 01:52:29,DELIVERED,S
1097,370,2024-05-16 07:22:20,SHIPPED,S
1098,311,2025-02-03 19:13:52,SHIPPED,C
1099,230,2026-02-24 12:43:18,SHIPPED,W
1100,41,2026-04-17 09:41:27,DELIVERED,S
1101,242,2026-06-05 11:03:29,DELIVERED,C
1102,377,2025-10-16 13:24:38,CANCELLED,W
1103,11,2026-03-28 07:31:27,DELIVERED,N
1104,,2026-03-24 20:17:19,RETURNED,E
1105,305,2025-08-12 09:06:14,SHIPPED,S
1106,132,2025-12-27 16:35:54,DELIVERED,W
1107,146,2025-11-18 07:50:31,DELIVERED,W
1108,37,2024-09-14 08:44:07,PLACED,W
1109,101,2026-04-18 06:49:45,RETURNED,N
1110,,2023-01-20 22:29:46,RETURNED,E
1111,252,2026-05-09 01:16:19,RETURNED,W
1112,497,2026-07-08 12:08:26,DELIVERED,E
1113,329,2025-11-29 12:02:41,PLACED,N
1114,472,2025-01-13 16:58:03,DELIVERED,C
1115,84,2025-01-19 05:48:08,CANCELLED,E
1116,395,2026-07-17 05:50:30,CANCELLED,E
1117,261,2026-05-06 10:31:55,DELIVERED,E
1118,357,2026-06-15 21:21:12,DELIVERED,W
1119,377,2025-05-24 14:12:49,SHIPPED,N
1120,472,2026-07-02 14:18:48,DELIVERED,N
1121,358,2025-08-27 06:08:33,SHIPPED,W
1122,484,2024-11-18 11:49:14,SHIPPED,C
1123,297,2026-02-05 17:03:51,CANCELLED,N
1124,60,2024-08-09 02:30:35,DELIVERED,W
1125,204,2026-06-17 13:02:06,RETURNED,N
1126,266,2024-01-11 01:14:24,RETURNED,S
1127,425,2025-07-25 00:00:00,SHIPPED,E
1128,257,2025-08-18 09:54:46,DELIVERED,W
1129,301,2025-08-17 08:20:00,DELIVERED,N
1130,,2023-06-19 18:01:57,DELIVERED,E
1131,417,2024-03-10 22:39:03,SHIPPED,S
1132,477,2026-04-01 05:57:52,DELIVERED,E
1133,4,2026-02-23 22:06:45,CANCELLED,N
1134,50,2023-07-19 08:17:40,CANCELLED,W
1135,269,2025-05-09 23:28:50,DELIVERED,W
1136,88,2026-02-25 13:59:34,DELIVERED,S
1137,102,2026-07-17 04:42:37,SHIPPED,N
1138,231,2025-09-30 21:16:44,CANCELLED,S
1139,103,2024-05-09 06:22:18,DELIVERED,S
1140,133,2025-10-14 19:33:33,DELIVERED,C
1141,56,2024-11-01 16:27:28,PLACED,N
1142,194,2025-12-01 14:08:00,SHIPPED,E
1143,,2023-02-16 02:03:10,DELIVERED,W
1144,249,2026-07-02 00:00:00,CANCELLED,N
1145,32,2025-10-23 09:12:32,CANCELLED,N
1146,341,2025-10-20 01:15:21,CANCELLED,N
1147,50,2024-02-23 17:36:49,DELIVERED,N
1148,193,2026-07-09 09:19:48,DELIVERED,E
1149,478,2026-02-05 17:10:09,DELIVERED,E
1150,310,2026-03-09 02:58:27,SHIPPED,E
1151,162,2026-01-04 02:46:43,RETURNED,W
1152,194,2026-06-08 09:10:12,PLACED,E
1153,448,2025-11-19 19:40:13,CANCELLED,N
1154,234,2026-03-09 00:00:00,DELIVERED,S
1155,14,2026-05-12 23:07:13,PLACED,C
1156,144,2024-11-14 15:19:11,DELIVERED,C
1157,352,2026-02-04 02:07:31,RETURNED,C
1158,212,2026-01-30 20:34:15,PLACED,E
1159,9,2026-03-22 15:58:02,RETURNED,E
1160,348,2025-01-14 06:20:01,SHIPPED,W
1161,205,2026-07-14 12:56:21,CANCELLED,E
1162,220,2026-02-24 10:50:30,RETURNED,N
1163,376,2025-11-25 21:42:17,SHIPPED,S
1164,365,2026-01-17 02:39:43,RETURNED,C
1165,402,2025-10-10 11:41:39,PLACED,W
1166,408,2025-07-05 06:00:53,SHIPPED,C
1167,448,2026-03-05 21:06:21,SHIPPED,W
1168,489,2025-06-22 00:00:00,DELIVERED,C
1169,124,2024-06-29 23:10:57,SHIPPED,N
1170,,2023-06-13 20:11:40,DELIVERED,N
1171,83,2026-06-12 14:01:45,RETURNED,W
1172,393,2026-05-12 05:42:14,SHIPPED,E
1173,341,2025-07-29 14:36:16,RETURNED,N
1174,341,2024-11-07 02:22:08,RETURNED,W
1175,47,2025-04-29 00:48:05,RETURNED,C
1176,393,2026-07-13 10:30:38,PLACED,E
1177,194,2026-07-19 19:04:04,DELIVERED,W
1178,335,2026-02-08 15:27:55,CANCELLED,S
1179,133,2025-03-01 03:44:02,SHIPPED,N
1180,46,2024-11-04 10:04:28,DELIVERED,S
1181,382,2024-07-20 00:00:00,DELIVERED,S
1182,437,2024-08-06 07:31:42,RETURNED,C
1183,378,2025-08-01 01:34:42,SHIPPED,C
1184,275,2023-11-21 01:08:31,CANCELLED,W
1185,164,2026-07-05 06:32:43,DELIVERED,S
1186,267,2026-07-04 14:51:27,DELIVERED,N
1187,203,2024-01-10 23:11:07,DELIVERED,W
1188,162,2025-11-28 06:16:53,CANCELLED,E
1189,429,2025-02-02 21:26:42,DELIVERED,W
1190,76,2025-05-04 16:53:17,PLACED,N
1191,307,2025-11-18 02:52:34,SHIPPED,N
1192,141,2026-07-07 22:57:33,DELIVERED,S
1193,254,2025-12-26 16:52:01,DELIVERED,W
1194,31,2024-12-17 23:18:34,SHIPPED,S
1195,435,2026-03-10 22:25:35,RETURNED,S
1196,359,2026-05-23 01:38:03,RETURNED,S
1197,439,2025-08-07 14:46:30,DELIVERED,E
1198,418,2024-09-15 22:38:39,RETURNED,C
1199,201,2026-02-15 05:06:29,DELIVERED,W
1200,179,2026-06-03 17:49:32,DELIVERED,N
1201,271,2026-02-14 21:58:14,SHIPPED,S
1202,359,2026-07-10 04:06:06,DELIVERED,S
1203,166,2026-06-09 10:27:33,CANCELLED,N
1204,436,2025-07-30 10:03:26,DELIVERED,S
1205,296,2026-05-01 10:40:48,DELIVERED,W
1206,150,2024-09-09 04:27:53,SHIPPED,S
1207,377,2026-04-03 17:38:13,PLACED,C
1208,53,2026-01-11 05:31:51,DELIVERED,W
1209,,2025-11-21 11:33:19,CANCELLED,N
1210,50,2024-10-05 05:32:30,RETURNED,S
1211,484,2024-06-24 01:52:06,PLACED,C
1212,333,2026-07-16 00:14:31,DELIVERED,S
1213,322,2025-08-20 14:10:45,SHIPPED,N
1214,124,2025-02-23 02:12:11,DELIVERED,C
1215,489,2025-08-05 21:27:15,DELIVERED,W
1216,398,2026-02-09 18:58:17,CANCELLED,W
1217,141,2026-05-11 07:58:50,DELIVERED,E
1218,6,2024-10-12 20:41:25,PLACED,N
1219,251,2026-03-07 03:39:06,DELIVERED,C
1220,116,2024-12-25 05:40:09,DELIVERED,C
1221,246,2024-07-04 17:17:15,DELIVERED,N
1222,407,2025-02-07 17:18:53,DELIVERED,W
1223,153,2026-06-27 05:25:36,PLACED,E
1224,33,2026-05-31 03:03:53,RETURNED,C
1225,95,2025-11-18 22:16:30,CANCELLED,N
1226,202,2026-03-24 15:19:59,CANCELLED,C
1227,251,2024-12-13 14:41:16,DELIVERED,C
1228,276,2025-09-14 03:04:55,CANCELLED,S
1229,495,2025-11-15 00:00:00,RETURNED,S
1230,442,2026-05-03 10:45:18,PLACED,W
1231,410,2026-01-16 01:52:55,PLACED,S
1232,295,2024-12-26 11:30:11,DELIVERED,N
1233,288,2026-06-15 23:37:03,RETURNED,N
1234,44,2024-04-23 18:43:15,DELIVERED,E
1235,495,2025-05-22 08:50:15,SHIPPED,N
1236,128,2024-07-28 02:04:22,PLACED,C
1237,464,2025-10-07 15:54:42,DELIVERED,W
1238,72,2025-10-01 01:29:12,DELIVERED,E
1239,268,2025-10-24 22:43:10,DELIVERED,C
1240,108,2025-07-08 19:40:24,DELIVERED,N
1241,,2024-01-04 07:44:31,PLACED,S
1242,154,2026-07-12 02:46:26,CANCELLED,S
1243,309,2026-01-23 20:16:13,SHIPPED,E
1244,143,2024-01-23 00:54:37,DELIVERED,W
1245,39,2026-05-16 15:26:08,SHIPPED,W
1246,333,2026-07-19 10:33:05,SHIPPED,W
1247,43,2024-11-23 00:00:00,DELIVERED,S
1248,275,2023-12-12 15:33:59,PLACED,E
1249,325,2026-03-26 00:18:59,DELIVERED,E
1250,289,2026-06-30 16:14:25,DELIVERED,W
1251,421,2025-09-01 03:55:04,SHIPPED,W
1252,195,2025-09-05 06:17:30,RETURNED,S
1253,40,2024-07-24 04:50:28,PLACED,N
1254,351,2026-07-15 21:26:05,DELIVERED,E
1255,328,2025-12-02 14:51:23,DELIVERED,E
1256,,2026-04-23 16:35:15,SHIPPED,S
1257,141,2025-01-12 20:17:44,PLACED,S
1258,194,2025-11-23 22:42:47,CANCELLED,N
1259,90,2025-11-05 17:47:50,DELIVERED,E
1260,302,2026-05-16 03:19:34,PLACED,E
1261,359,2026-07-12 12:22:14,RETURNED,C
1262,139,2026-07-14 18:10:50,PLACED,N
1263,88,2026-04-21 13:45:17,RETURNED,W
1264,93,2025-09-04 00:00:00,CANCELLED,C
1265,283,2026-05-30 09:46:27,RETURNED,W
1266,245,2026-01-27 06:05:35,PLACED,N
1267,352,2025-10-14 05:20:16,DELIVERED,S
1268,74,2026-07-03 08:37:09,DELIVERED,E
1269,28,2026-07-11 02:46:08,DELIVERED,E
1270,,2026-01-04 01:36:06,CANCELLED,C
1271,,2024-10-11 17:15:25,DELIVERED,S
1272,225,2024-09-12 08:46:50,CANCELLED,C
1273,147,2024-05-14 04:22:25,RETURNED,C
1274,483,2026-07-15 00:11:22,RETURNED,S
1275,157,2024-06-30 04:09:56,RETURNED,W
1276,395,2026-06-18 02:23:03,CANCELLED,N
1277,40,2026-07-08 12:27:50,SHIPPED,N
1278,,2023-09-14 11:51:48,DELIVERED,N
1279,381,2024-10-24 21:35:29,DELIVERED,W
1280,414,2026-07-09 19:19:01,PLACED,W
1281,347,2025-08-17 00:00:00,RETURNED,S
1282,246,2025-06-17 19:36:37,DELIVERED,C
1283,358,2025-08-09 05:47:57,DELIVERED,C
1284,98,2023-12-18 06:47:21,DELIVERED,C
1285,384,2025-11-08 19:30:20,SHIPPED,C
1286,351,2026-04-08 15:14:39,DELIVERED,S
1287,346,2026-05-24 18:16:19,RETURNED,S
1288,39,2025-08-05 16:14:39,CANCELLED,C
1289,181,2023-09-19 13:23:22,DELIVERED,W
1290,88,2026-05-13 01:04:11,RETURNED,E
1291,468,2026-06-17 01:53:19,SHIPPED,C
1292,436,2024-10-14 03:41:50,SHIPPED,W
1293,151,2025-08-27 12:57:10,SHIPPED,C
1294,202,2025-11-13 03:22:50,RETURNED,C
1295,423,2024-05-13 09:56:54,RETURNED,C
1296,435,2025-09-02 02:38:10,PLACED,N
1297,316,2026-07-15 00:00:00,SHIPPED,E
1298,55,2024-02-18 02:13:12,SHIPPED,S
1299,206,2026-02-04 05:50:30,PLACED,W
1300,252,2026-02-17 15:47:29,PLACED,C
1301,461,2024-07-12 22:01:43,DELIVERED,W
1302,4,2026-02-18 23:06:12,CANCELLED,E
1303,116,2025-12-07 22:52:43,DELIVERED,E
1304,187,2025-05-18 20:01:00,RETURNED,C
1305,416,2025-01-02 12:38:46,PLACED,W
1306,337,2025-12-12 00:37:36,SHIPPED,E
1307,,2026-03-06 13:34:28,DELIVERED,E
1308,453,2026-05-18 00:00:00,PLACED,E
1309,,2023-03-04 12:51:50,PLACED,W
1310,381,2025-01-03 08:50:00,RETURNED,S
1311,342,2025-04-03 11:40:34,RETURNED,E
1312,61,2026-01-18 17:53:33,DELIVERED,W
1313,,2026-05-27 11:27:14,DELIVERED,S
1314,167,2025-09-03 19:22:45,DELIVERED,W
1315,,2023-07-24 03:36:21,PLACED,N
1316,406,2025-06-06 17:40:48,PLACED,E
1317,257,2024-07-10 20:45:17,CANCELLED,S
1318,27,2026-06-10 00:04:26,CANCELLED,W
1319,500,2025-12-08 18:57:41,DELIVERED,W
1320,246,2024-07-29 04:11:07,SHIPPED,N
1321,390,2026-04-07 13:53:21,SHIPPED,S
1322,374,2026-03-04 17:51:10,SHIPPED,E
1323,393,2026-04-10 03:10:25,RETURNED,S
1324,342,2025-09-29 06:18:01,SHIPPED,N
1325,359,2026-07-05 17:40:07,DELIVERED,S
1326,438,2026-07-19 09:01:34,DELIVERED,S
1327,118,2023-08-06 05:46:47,PLACED,N
1328,141,2025-06-03 10:52:33,RETURNED,W
1329,10,2026-06-14 18:32:59,SHIPPED,N
1330,195,2026-01-31 09:04:45,DELIVERED,S
1331,114,2025-05-23 04:56:56,DELIVERED,N
1332,262,2025-05-09 14:47:45,DELIVERED,E
1333,57,2025-07-08 09:40:42,DELIVERED,E
1334,365,2026-05-03 21:02:05,SHIPPED,N
1335,94,2024-02-17 11:40:05,PLACED,E
1336,109,2025-04-06 15:26:29,DELIVERED,C
1337,52,2025-01-27 18:01:16,SHIPPED,W
1338,187,2025-03-06 18:37:26,SHIPPED,N
1339,343,2023-05-26 14:31:33,DELIVERED,S
1340,170,2026-01-31 03:14:00,DELIVERED,E
1341,381,2026-02-07 16:29:42,DELIVERED,E
1342,122,2025-12-26 10:20:01,SHIPPED,W
1343,,2023-05-16 12:12:49,RETURNED,S
1344,323,2026-01-12 15:23:10,PLACED,C
1345,496,2026-03-12 02:58:13,CANCELLED,S
1346,361,2025-06-25 00:00:00,RETURNED,N
1347,483,2026-06-11 00:00:00,DELIVERED,E
1348,,2026-01-31 19:01:57,DELIVERED,S
1349,,2025-04-08 20:28:02,DELIVERED,N
1350,,2023-07-18 13:55:13,SHIPPED,C
1351,365,2026-02-28 14:00:32,RETURNED,C
1352,500,2024-11-15 19:42:27,RETURNED,W
1353,323,2026-07-11 01:11:36,PLACED,W
1354,35,2025-06-19 05:10:19,DELIVERED,C
1355,405,2026-02-21 07:56:45,SHIPPED,E
1356,357,2026-06-19 08:20:31,SHIPPED,C
1357,32,2025-08-25 10:31:12,DELIVERED,W
1358,254,2026-07-01 20:57:42,RETURNED,N
1359,85,2024-11-13 15:22:10,CANCELLED,W
1360,288,2026-06-28 22:39:48,DELIVERED,E
1361,106,2024-05-15 21:26:58,PLACED,C
1362,112,2026-04-29 07:49:39,DELIVERED,C
1363,234,2025-05-11 00:00:00,DELIVERED,C
1364,133,2025-07-24 23:05:31,RETURNED,E
1365,363,2025-10-22 04:49:49,DELIVERED,S
1366,115,2025-01-22 15:38:36,DELIVERED,E
1367,21,2026-03-09 22:36:15,PLACED,E
1368,475,2023-11-16 15:07:45,SHIPPED,N
1369,329,2025-03-10 23:01:00,RETURNED,S
1370,274,2025-05-17 08:58:27,PLACED,E
1371,324,2025-08-01 19:05:35,SHIPPED,C
1372,136,2024-10-03 23:49:31,DELIVERED,C
1373,151,2025-10-13 01:16:41,RETURNED,N
1374,422,2026-02-22 15:11:00,SHIPPED,E
1375,91,2026-05-30 11:42:20,RETURNED,C
1376,337,2024-07-12 20:41:39,DELIVERED,W
1377,485,2025-12-21 00:33:14,RETURNED,C
1378,283,2026-03-15 23:25:44,CANCELLED,S
1379,167,2025-02-12 04:16:07,SHIPPED,W
1380,80,2025-06-10 22:45:40,SHIPPED,W
1381,189,2025-09-30 11:18:38,RETURNED,N
1382,254,2025-10-02 00:00:00,DELIVERED,S
1383,97,2026-05-25 09:12:45,DELIVERED,S
1384,332,2024-05-22 00:19:33,PLACED,S
1385,454,2024-12-20 18:07:17,CANCELLED,C
1386,97,2025-11-12 02:58:28,PLACED,W
1387,126,2025-05-15 03:41:09,RETURNED,W
1388,52,2026-04-28 12:44:36,DELIVERED,N
1389,309,2025-02-06 12:01:44,DELIVERED,N
1390,57,2024-12-21 19:11:46,CANCELLED,N
1391,68,2026-04-14 16:27:11,CANCELLED,E
1392,74,2026-05-28 21:23:59,CANCELLED,N
1393,491,2023-09-28 18:37:53,DELIVERED,E
1394,437,2026-04-10 12:01:30,PLACED,S
1395,246,2025-09-26 20:42:07,RETURNED,S
1396,158,2025-01-28 12:43:51,DELIVERED,S
1397,29,2026-07-19 05:53:41,DELIVERED,C
1398,64,2024-04-15 15:19:22,CANCELLED,N
1399,279,2025-06-27 21:24:05,PLACED,W
1400,,2023-08-09 07:59:35,PLACED,S
1401,13,2025-10-31 06:48:54,DELIVERED,S
1402,181,2026-04-15 13:13:06,SHIPPED,W
1403,352,2026-03-19 13:34:36,CANCELLED,N
1404,252,2026-02-06 18:56:55,RETURNED,S
1405,53,2026-03-04 08:26:51,DELIVERED,C
1406,171,2024-12-27 06:32:32,DELIVERED,N
1407,459,2024-07-25 09:48:49,DELIVERED,S
1408,220,2026-05-19 21:28:55,SHIPPED,S
1409,348,2024-12-15 15:39:55,SHIPPED,E
1410,320,2025-06-10 11:58:53,SHIPPED,N
1411,139,2026-07-04 06:01:07,DELIVERED,E
1412,416,2024-03-08 12:54:07,CANCELLED,S
1413,399,2025-01-12 06:44:39,SHIPPED,W
1414,229,2026-02-05 18:47:55,CANCELLED,N
1415,296,2026-05-29 14:10:40,RETURNED,E
1416,75,2026-03-07 18:37:38,SHIPPED,S
1417,94,2025-08-05 01:41:59,DELIVERED,W
1418,218,2025-08-24 07:32:21,DELIVERED,W
1419,309,2026-03-30 12:05:24,SHIPPED,S
1420,197,2025-10-12 01:37:52,DELIVERED,C
1421,274,2026-03-05 17:53:15,DELIVERED,S
1422,197,2024-05-09 14:21:48,DELIVERED,W
1423,270,2026-06-21 09:55:29,CANCELLED,S
1424,360,2026-05-23 21:39:22,SHIPPED,N
1425,105,2024-01-26 22:07:33,DELIVERED,W
1426,491,2023-11-10 02:43:27,RETURNED,N
1427,467,2026-01-13 02:52:14,DELIVERED,S
1428,151,2026-01-26 11:54:07,PLACED,C
1429,498,2026-07-12 15:03:54,DELIVERED,S
1430,424,2025-10-02 18:31:53,PLACED,S
1431,61,2026-05-05 10:08:46,DELIVERED,W
1432,376,2024-05-17 23:25:16,DELIVERED,W
1433,191,2025-11-18 00:12:21,DELIVERED,C
1434,38,2026-03-19 07:46:03,CANCELLED,S
1435,16,2023-11-28 00:01:19,DELIVERED,N
1436,126,2023-10-06 00:21:30,PLACED,W
1437,,2023-08-21 13:51:45,CANCELLED,W
1438,381,2024-03-12 12:04:03,DELIVERED,E
1439,241,2026-02-10 00:00:00,DELIVERED,W
1440,401,2026-05-30 20:57:03,DELIVERED,E
1441,57,2025-04-11 08:31:05,PLACED,N
1442,310,2025-08-22 09:08:53,DELIVERED,N
1443,203,2025-10-15 18:20:21,DELIVERED,W
1444,284,2024-12-08 07:47:22,RETURNED,C
1445,157,2025-02-03 05:38:04,DELIVERED,S
1446,140,2026-01-15 08:36:17,DELIVERED,S
1447,381,2024-07-01 23:10:13,DELIVERED,N
1448,113,2026-04-16 03:38:49,SHIPPED,C
1449,310,2025-06-08 12:39:47,CANCELLED,W
1450,245,2025-06-24 10:54:38,DELIVERED,W
1451,424,2026-01-31 00:00:00,SHIPPED,E
1452,332,2024-12-28 21:05:33,SHIPPED,N
1453,54,2025-08-17 18:07:25,DELIVERED,E
1454,15,2026-07-06 10:33:27,SHIPPED,C
1455,55,2024-05-21 13:19:29,SHIPPED,N
1456,388,2025-06-10 01:05:50,SHIPPED,S
1457,327,2023-02-22 17:02:38,SHIPPED,N
1458,292,2024-07-23 04:25:49,DELIVERED,W
1459,24,2025-12-13 15:51:09,SHIPPED,E
1460,5,2026-06-09 07:13:46,CANCELLED,W
1461,257,2024-11-28 15:12:56,SHIPPED,W
1462,372,2026-02-25 22:29:28,RETURNED,N
1463,170,2026-02-18 06:40:31,RETURNED,C
1464,52,2025-05-18 11:08:38,CANCELLED,S
1465,13,2026-03-20 06:55:19,CANCELLED,W
1466,301,2024-06-23 00:43:52,SHIPPED,S
1467,350,2026-05-19 17:43:52,PLACED,N
1468,488,2024-07-31 03:35:24,RETURNED,S
1469,394,2025-06-20 22:23:22,RETURNED,C
1470,265,2026-04-05 04:04:30,DELIVERED,E
1471,,2024-11-26 03:16:16,CANCELLED,E
1472,149,2025-10-06 01:10:12,DELIVERED,W
1473,21,2026-07-01 13:43:37,CANCELLED,W
1474,123,2024-08-08 01:01:48,RETURNED,C
1475,39,2024-09-06 05:31:47,DELIVERED,W
1476,50,2023-04-25 01:29:02,PLACED,E
1477,,2025-04-29 22:42:37,RETURNED,N
1478,256,2026-02-12 09:41:36,DELIVERED,S
1479,479,2026-05-18 10:04:12,SHIPPED,E
1480,296,2026-05-23 08:45:22,DELIVERED,N
1481,92,2026-02-25 22:47:07,SHIPPED,W
1482,132,2026-04-02 09:01:55,DELIVERED,S
1483,482,2024-11-03 03:46:44,RETURNED,W
1484,21,2025-01-04 23:14:17,RETURNED,W
1485,210,2026-06-28 20:18:01,DELIVERED,S
1486,226,2024-12-21 00:00:00,DELIVERED,C
1487,488,2024-12-05 00:00:00,DELIVERED,W
1488,260,2026-06-29 19:47:21,SHIPPED,N
1489,318,2026-01-31 23:33:53,PLACED,S
1490,359,2026-07-11 09:54:19,PLACED,N
1491,149,2025-10-18 02:12:37,SHIPPED,W
1492,438,2025-12-30 02:53:20,SHIPPED,W
1493,343,2023-09-27 15:14:03,SHIPPED,W
1494,329,2025-10-19 04:27:02,RETURNED,W
1495,56,2024-06-29 22:31:23,SHIPPED,N
1496,470,2026-08-19 00:00:00,DELIVERED,W
1497,103,2026-08-02 00:00:00,SHIPPED,E
1498,176,2026-08-09 00:00:00,DELIVERED,W
1499,59,2026-07-29 00:00:00,DELIVERED,C
1500,80,2026-08-05 00:00:00,PLACED,S
