customer_id,customer_name,email,registration_date,customer_type
1,Michael Gupta,michael.gupta1@shop.co.in,2025-07-06 07:09:23,REGULAR
2,Aditya Patel,aditya.patel2@example.com,2023-12-28 10:13:36,REGULAR
3,Jennifer Davis,jennifer.davis3@shop.co.in,2023-12-09 10:37:19,REGULAR
4,Aarav Nair,aarav.nair4@shop.co.in,2025-12-20 12:31:23,REGULAR
5,Kabir Patel,kabir.patel5@test.org,2026-04-01 01:07:27,REGULAR
6,Karan Reddy,karan.reddy6@test.org,2024-07-11 15:43:16,PREMIUM
7,Vivaan Miller,vivaan.miller7@example.com,2025-04-13 00:01:56,VIP
8,Karan Gupta,karan.gupta8@test.org,2025-05-07 13:33:59,PREMIUM
9,Robert Johnson,robert.johnson9@mail.com,2025-06-15 21:14:53,PREMIUM
10,Vivaan Khan,vivaan.khan10@test.org,2026-04-15 22:04:36,VIP
11,Myra Reddy,myra.reddy11@test.org,2024-08-13 12:07:58,REGULAR
12,Neha Nair,neha.nair12@test.org,2024-07-29 01:20:48,REGULAR
13,Sara Gupta,sara.gupta13mail.com,2025-08-04 06:02:59,REGULAR
14,Karan Singh,karan.singh14@mail.com,2025-09-21 04:55:13,PREMIUM
15,Vivaan Khan,vivaan.khan15@example.com,2026-06-30 15:01:17,PREMIUM
16,Karan Singh,karan.singh16@mail.com,2023-04-13 19:41:24,VIP
17,Linda Smith,linda.smith17@shop.co.in,2023-11-27 07:17:31,REGULAR
18,Patricia Miller,patricia.miller18@test.org,2023-08-10 22:38:20,REGULAR
19,John Singh,john.singh19@shop.co.in,2026-03-06 10:41:36,PREMIUM
20,Karan Johnson,karan.johnson20@mail.com,2023-12-07 16:52:13,REGULAR
21,Aditya Verma,aditya.verma21@mail.com,2023-06-20 08:00:57,PREMIUM
22,Michael Davis,michael.davis22@example.com,2025-07-15 11:44:25,REGULAR
23,Robert Miller,robert.miller23@test.org,2025-04-01 22:48:45,VIP
24,Aarav Reddy,aarav.reddy24@test.org,2025-11-25 00:00:16,PREMIUM
25,Rahul Reddy,rahul.reddy25@shop.co.in,2024-03-31 22:28:40,REGULAR
26,Aarav Singh,aarav.singh26@mail.com,2025-02-16 15:12:10,REGULAR
27,Ishaan Das,ishaan.das27@mail.com,2025-09-19 13:45:49,REGULAR
28,Ananya Sharma,ananya.sharma28@test.org,2025-07-19 10:16:21,REGULAR
29,Ishaan Johnson,ishaan.johnson29@test.org,2026-07-15 22:44:17,REGULAR
30,Myra Gupta,myra.gupta30@shop.co.in,2023-05-14 01:23:31,PREMIUM
31,John Iyer,john.iyer31@shop.co.in,2023-07-19 10:46:50,VIP
32,Ananya Singh,ananya.singh32@shop.co.in,2025-03-30 17:06:16,VIP
33,John Patel,john.patel33@test.org,2026-01-12 12:39:51,REGULAR
34,Michael Johnson,michael.johnson34@shop.co.in,2024-11-11 13:33:17,REGULAR
35,Myra Gupta,myra.gupta35@example.com,2024-06-09 04:44:36,REGULAR
36,Myra Khan,myra.khan36@example.com,2023-01-12 04:05:38,PREMIUM
37,Vivaan Khan,vivaan.khan37@example.com,2023-04-15 16:51:58,PREMIUM
38,Aditya Khan,aditya.khan38@shop.co.in,2024-03-08 14:23:05,REGULAR
39,Kabir Wilson,kabir.wilson39@shop.co.in,2024-01-13 11:35:37,PREMIUM
40,Diya Reddy,diya.reddy40@shop.co.in,2023-05-31 13:50:33,REGULAR
41,Pooja Miller,pooja.miller41@example.com,2026-02-06 13:55:04,PREMIUM
42,Patricia Reddy,patricia.reddy42@shop.co.in,2023-04-05 03:48:15,PREMIUM
43,Ishaan Khan,ishaan.khan43@mail.com,2023-10-25 14:59:44,REGULAR
44,Kabir Davis,kabir.davis44@test.org,2023-10-13 00:55:47,REGULAR
45,Aditya Miller,aditya.miller45@example.com,2026-06-09 05:15:09,REGULAR
46,John Sharma,john.sharma46@mail.com,2023-05-25 21:05:17,REGULAR
47,James Wilson,james.wilson47@shop.co.in,2023-11-29 01:04:36,VIP
48,Ananya Brown,ananya.brown48@shop.co.in,2023-01-04 08:21:29,REGULAR
49,Arjun Das,arjun.das49@shop.co.in,2024-10-19 02:51:43,REGULAR
50,Priya Patel,priya.patel50@example.com,2023-04-01 20:24:54,PREMIUM
51,Vivaan Verma,vivaan.verma51@shop.co.in,2025-06-26 11:43:09,REGULAR
52,Mary Nair,mary.nair52@example.com,2023-03-30 08:37:27,PREMIUM
53,Aditya Gupta,aditya.gupta53shop.co.in,2025-11-14 21:44:54,REGULAR
54,Linda Khan,linda.khan54@example.com,2025-06-18 07:40:00,PREMIUM
55,Pooja Smith,pooja.smith55@mail.com,2024-02-10 02:02:59,PREMIUM
56,Rahul Khan,rahul.khan56@shop.co.in,2024-02-17 14:49:36,REGULAR
57,Patricia Das,patricia.das57@test.org,2024-12-11 06:34:03,VIP
58,Aditya Sharma,aditya.sharma58example.com,2024-12-12 22:07:21,REGULAR
59,Mary Singh,mary.singh59@test.org,2023-07-25 18:20:19,PREMIUM
60,Myra Johnson,myra.johnson60@mail.com,2024-03-18 17:06:00,REGULAR
61,John Das,john.das61@example.com,2025-08-08 04:59:59,PREMIUM
62,John Das,john.das62@example.com,2025-10-27 12:55:26,VIP
63,Kabir Singh,kabir.singh63@example.com,2023-06-29 07:29:33,PREMIUM
64,Kabir Singh,kabir.singh64@mail.com,2024-03-13 16:38:06,PREMIUM
65,Diya Singh,diya.singh65@shop.co.in,2025-02-24 03:00:55,REGULAR
66,Vivaan Gupta,vivaan.gupta66@shop.co.in,2025-09-12 07:50:17,PREMIUM
67,Vivaan Sharma,vivaan.sharma67@mail.com,2024-06-02 03:53:20,PREMIUM
68,Sara Nair,sara.nair68@shop.co.in,2026-02-25 11:05:28,REGULAR
69,Pooja Sharma,pooja.sharma69@example.com,2023-06-23 18:57:38,VIP
70,Jennifer Iyer,jennifer.iyer70@example.com,2025-04-27 13:04:49,PREMIUM
71,Linda Iyer,linda.iyer71@mail.com,2024-10-29 15:36:36,REGULAR
72,Neha Verma,neha.verma72mail.com,2024-07-09 20:05:42,PREMIUM
73,Neha Davis,neha.davis73@mail.com,2025-08-22 03:56:17,VIP
74,Myra Nair,myra.nair74@mail.com,2026-05-27 13:56:59,PREMIUM
75,Aarav Nair,aarav.nair75@test.org,2026-02-18 05:06:49,PREMIUM
76,Pooja Khan,pooja.khan76@mail.com,2024-02-19 11:14:16,PREMIUM
77,Ishaan Brown,ishaan.brown77@shop.co.in,2023-03-02 03:45:28,REGULAR
78,Arjun Johnson,arjun.johnson78@mail.com,2024-04-19 02:20:24,REGULAR
79,Michael Patel,michael.patel79@test.org,2024-09-10 23:53:18,REGULAR
80,Aditya Singh,aditya.singh80@shop.co.in,2024-06-29 11:40:35,PREMIUM
81,John Smith,john.smith81@example.com,2023-02-12 21:01:21,PREMIUM
82,Sara Nair,sara.nair82@test.org,2025-06-20 21:57:14,REGULAR
83,Robert Davis,robert.davis83@test.org,2024-06-21 00:08:58,REGULAR
84,Mary Reddy,mary.reddy84@mail.com,2024-08-21 09:07:35,REGULAR
85,Jennifer Davis,jennifer.davis85@mail.com,2023-01-03 15:03:19,REGULAR
86,Aditya Smith,aditya.smith86@test.org,2025-08-26 00:55:03,PREMIUM
87,Ishaan Das,ishaan.das87@test.org,2025-02-26 18:53:50,PREMIUM
88,Rahul Brown,rahul.brown88@test.org,2025-12-19 01:48:49,REGULAR
89,Diya Davis,diya.davis89@shop.co.in,2025-10-29 22:21:57,PREMIUM
90,Ananya Das,ananya.das90@example.com,2024-09-22 19:34:46,REGULAR
91,Diya Davis,diya.davis91@test.org,2026-05-05 15:12:44,REGULAR
92,Arjun Patel,arjun.patel92@shop.co.in,2025-03-05 01:56:52,PREMIUM
93,Ananya Gupta,ananya.gupta93@test.org,2024-03-16 20:19:26,REGULAR
94,Myra Das,myra.das94@mail.com,2023-12-15 23:12:39,REGULAR
95,Vivaan Khan,vivaan.khan95@example.com,2025-01-08 02:22:00,REGULAR
96,Patricia Patel,patricia.patel96@shop.co.in,2026-01-20 21:52:36,REGULAR
97,Myra Iyer,myra.iyer97@example.com,2025-10-16 03:36:55,PREMIUM
98,Ishaan Davis,ishaan.davis98@mail.com,2023-12-06 22:59:20,PREMIUM
99,Jennifer Miller,jennifer.miller99@mail.com,2023-03-20 00:16:37,VIP
100,Ishaan Miller,ishaan.miller100@shop.co.in,2023-07-27 03:14:31,PREMIUM
101,John Smith,john.smith101@shop.co.in,2026-03-19 05:45:40,PREMIUM
102,Mary Davis,mary.davis102@shop.co.in,2026-07-14 05:51:46,PREMIUM
103,James Miller,james.miller103@mail.com,2024-02-07 15:21:40,PREMIUM
104,Sara Wilson,sara.wilson104@mail.com,2025-08-31 14:52:31,REGULAR
105,Aditya Das,aditya.das105@test.org,2023-12-31 06:33:15,REGULAR
106,John Gupta,john.gupta106@mail.com,2023-08-03 22:57:32,REGULAR
107,Jennifer Iyer,jennifer.iyer107@mail.com,2026-01-02 09:12:52,REGULAR
108,Pooja Smith,pooja.smith108@shop.co.in,2025-04-22 22:00:34,REGULAR
109,Diya Davis,diya.davis109@example.com,2024-08-28 00:44:52,PREMIUM
110,Linda Brown,linda.brown110@example.com,2025-01-10 23:05:36,VIP
111,Priya Brown,priya.brown111@mail.com,2024-10-12 22:14:44,REGULAR
112,Sara Davis,sara.davis112@example.com,2025-01-24 10:02:45,REGULAR
113,Michael Brown,michael.brown113@mail.com,2026-01-29 23:26:19,PREMIUM
114,Kabir Sharma,kabir.sharma114@example.com,2024-09-04 02:08:23,REGULAR
115,Pooja Iyer,pooja.iyer115example.com,2024-12-18 05:21:56,REGULAR
116,Rahul Patel,rahul.patel116@test.org,2024-12-07 08:25:10,REGULAR
117,Karan Singh,karan.singh117@shop.co.in,2026-03-14 04:57:29,REGULAR
118,Aditya Wilson,aditya.wilson118@example.com,2023-01-31 02:39:40,VIP
119,Neha Khan,neha.khan119@example.com,2025-10-06 23:07:43,PREMIUM
120,Patricia Verma,patricia.verma120@example.com,2026-03-17 15:51:07,VIP
121,Diya Sharma,diya.sharma121@mail.com,2025-08-23 05:04:20,REGULAR
122,James Reddy,james.reddy122@mail.com,2025-05-26 02:18:35,REGULAR
123,Sara Johnson,sara.johnson123@example.com,2023-09-18 15:37:57,PREMIUM
124,Ananya Das,ananya.das124@example.com,2023-06-17 22:12:48,VIP
125,Linda Brown,linda.brown125@mail.com,2024-09-08 04:20:57,REGULAR
126,Jennifer Khan,jennifer.khan126@,2023-06-08 07:09:21,PREMIUM
127,Robert Reddy,robert.reddy127@example.com,2026-05-21 21:30:07,REGULAR
128,Pooja Johnson,pooja.johnson128@test.org,2023-04-18 02:53:36,REGULAR
129,Pooja Wilson,pooja.wilson129@shop.co.in,2023-06-13 22:46:27,VIP
130,Patricia Miller,patricia.miller130@mail.com,2026-01-03 18:22:39,REGULAR
131,Mary Singh,mary.singh131@shop.co.in,2025-08-14 18:52:36,REGULAR
132,Linda Singh,linda.singh132@mail.com,2024-05-15 16:23:08,PREMIUM
133,Aditya Singh,aditya.singh133@mail.com,2024-12-01 07:07:00,PREMIUM
134,Linda Brown,linda.brown134@example.com,2024-06-06 13:46:30,REGULAR
135,Rahul Nair,rahul.nair135@mail.com,2025-01-27 09:10:44,REGULAR
136,Sara Smith,sara.smith136@test.org,2024-03-10 10:25:26,REGULAR
137,Mary Patel,mary.patel137@mail.com,2023-05-13 23:52:57,PREMIUM
138,James Khan,james.khan138@shop.co.in,2025-12-08 19:46:56,PREMIUM
139,James Miller,james.miller139@example.com,2026-05-16 18:40:48,REGULAR
140,Myra Brown,myra.brown140@mail.com,2025-12-10 15:41:40,REGULAR
141,Linda Johnson,linda.johnson141@,2025-01-05 04:25:47,REGULAR
142,John Smith,john.smith142@shop.co.in,2024-06-30 12:26:49,REGULAR
143,Sara Khan,sara.khan143@mail.com,2023-07-07 10:22:38,REGULAR
144,John Nair,john.nair144@mail.com,2023-10-25 13:09:54,PREMIUM
145,Sara Das,sara.das145@mail.com,2023-06-06 03:53:05,REGULAR
146,Neha Nair,neha.nair146@example.com,2024-04-14 13:21:09,PREMIUM
147,Kabir Singh,kabir.singh147@example.com,2023-03-12 16:56:53,REGULAR
148,Jennifer Iyer,jennifer.iyer148@shop.co.in,2025-09-17 21:30:15,REGULAR
149,Aarav Das,aarav.das149@shop.co.in,2024-12-30 04:23:11,REGULAR
150,Ananya Verma,ananya.verma150@shop.co.in,2024-01-28 05:04:35,REGULAR
151,Aditya Brown,aditya.brown151@example.com,2025-02-02 21:38:26,REGULAR
152,Michael Verma,michael.verma152@mail.com,2023-08-24 16:47:34,PREMIUM
153,Priya Gupta,priya.gupta153@example.com,2024-01-21 13:13:46,REGULAR
154,Pooja Khan,pooja.khan154@shop.co.in,2026-04-19 23:57:04,REGULAR
155,Arjun Das,arjun.das155@shop.co.in,2025-07-03 05:48:26,REGULAR
156,Robert Verma,robert.verma156@example.com,2025-08-05 00:41:15,VIP
157,Diya Patel,diya.patel157@example.com,2024-02-16 02:43:21,REGULAR
158,Ananya Gupta,ananya.gupta158@example.com,2023-09-01 03:57:32,REGULAR
159,Jennifer Wilson,jennifer.wilson159@example.com,2024-03-28 10:56:00,REGULAR
160,Jennifer Das,jennifer.das160@shop.co.in,2025-12-28 01:16:32,REGULAR
161,Myra Singh,myra.singh161@mail.com,2026-05-08 20:21:27,REGULAR
162,John Khan,john.khan162@mail.com,2025-10-03 01:34:21,VIP
163,Kabir Gupta,kabir.gupta163@mail.com,2023-04-03 15:28:02,PREMIUM
164,Robert Das,robert.das164@example.com,2024-11-13 04:49:38,REGULAR
165,Priya Brown,priya.brown165@shop.co.in,2024-02-27 22:04:25,REGULAR
166,Robert Verma,robert.verma166@test.org,2024-11-02 03:11:45,PREMIUM
167,Aarav Gupta,aarav.gupta167@example.com,2023-12-22 14:55:14,VIP
168,Michael Singh,michael.singh168@example.com,2025-06-14 04:02:41,PREMIUM
169,Ananya Wilson,ananya.wilson169@shop.co.in,2025-03-17 04:22:27,VIP
170,Ananya Davis,ananya.davis170@shop.co.in,2025-09-13 02:29:22,VIP
171,James Johnson,james.johnson171@test.org,2024-09-26 08:19:13,REGULAR
172,Ishaan Nair,ishaan.nair172@shop.co.in,2024-05-27 07:58:18,PREMIUM
173,Priya Brown,priya.brown173@example.com,2026-06-17 19:56:24,REGULAR
174,Rahul Singh,rahul.singh174@example.com,2024-05-17 04:31:13,VIP
175,Karan Sharma,karan.sharma175@shop.co.in,2025-10-18 15:21:22,REGULAR
176,Diya Johnson,diya.johnson176@shop.co.in,2025-08-25 05:28:23,PREMIUM
177,Vivaan Patel,vivaan.patel177@mail.com,2024-02-19 20:34:41,VIP
178,Arjun Wilson,arjun.wilson178@example.com,2023-07-08 15:05:33,VIP
179,Robert Khan,robert.khan179@mail.com,2026-01-07 14:37:18,REGULAR
180,Aarav Davis,aarav.davis180@mail.com,2023-05-25 19:05:27,VIP
181,Ishaan Miller,ishaan.miller181@mail.com,2023-07-02 11:27:19,REGULAR
182,Jennifer Das,jennifer.das182@test.org,2025-03-01 12:07:25,REGULAR
183,James Wilson,james.wilson183@shop.co.in,2024-01-14 14:56:48,REGULAR
184,Karan Patel,karan.patel184@mail.com,2025-07-20 02:24:59,PREMIUM
185,Sara Davis,sara.davis185@test.org,2024-06-11 23:28:02,PREMIUM
186,Priya Das,priya.das186@shop.co.in,2025-06-30 18:37:27,PREMIUM
187,Arjun Wilson,arjun.wilson187@test.org,2024-06-20 03:09:11,REGULAR
188,John Brown,john.brown188@test.org,2024-12-08 08:28:39,PREMIUM
189,Jennifer Khan,jennifer.khan189@shop.co.in,2025-06-07 06:09:40,REGULAR
190,Pooja Verma,pooja.verma190@shop.co.in,2024-05-09 06:28:23,PREMIUM
191,Karan Brown,karan.brown191@mail.com,2025-10-28 00:06:46,REGULAR
192,Vivaan Iyer,vivaan.iyer192@test.org,2025-02-19 06:46:16,PREMIUM
193,Arjun Reddy,arjun.reddy193@shop.co.in,2025-03-28 00:52:39,REGULAR
194,Kabir Davis,kabir.davis194@mail.com,2025-10-14 04:01:01,REGULAR
195,Sara Smith,sara.smith195@shop.co.in,2025-08-26 04:47:40,PREMIUM
196,Rahul Brown,rahul.brown196@shop.co.in,2024-05-06 21:59:00,PREMIUM
197,Vivaan Gupta,vivaan.gupta197@test.org,2023-12-31 16:52:08,VIP
198,Aditya Davis,aditya.davis198@example.com,2023-06-02 22:13:32,REGULAR
199,Jennifer Das,jennifer.das199@example.com,2023-02-14 23:13:54,REGULAR
200,Vivaan Das,vivaan.das200@test.org,2024-07-10 20:28:55,REGULAR
201,Myra Davis,myra.davis201@mail.com,2025-05-29 03:19:38,REGULAR
202,Aditya Brown,aditya.brown202@mail.com,2025-08-20 16:28:37,REGULAR
203,Linda Iyer,linda.iyer203@shop.co.in,2023-12-27 16:36:45,PREMIUM
204,Arjun Singh,arjun.singh204@example.com,2025-11-01 21:37:26,PREMIUM
205,Arjun Das,arjun.das205@mail.com,2025-11-18 15:09:53,REGULAR
206,Neha Das,neha.das206@shop.co.in,2025-09-19 13:21:40,PREMIUM
207,Arjun Das,arjun.das207@shop.co.in,2023-11-06 11:20:52,PREMIUM
208,Ishaan Khan,ishaan.khan208@test.org,2024-08-15 10:17:29,REGULAR
209,Jennifer Das,jennifer.das209@shop.co.in,2023-02-04 01:58:02,REGULAR
210,Linda Verma,linda.verma210@shop.co.in,2025-07-31 00:28:21,PREMIUM
211,Priya Khan,priya.khan211@test.org,2025-08-01 01:01:24,REGULAR
212,Diya Singh,diya.singh212@mail.com,2025-11-18 20:53:25,PREMIUM
213,Patricia Verma,patricia.verma213@shop.co.in,2024-04-24 21:51:09,REGULAR
214,Neha Iyer,neha.iyer214@test.org,2023-05-21 00:24:56,REGULAR
215,Pooja Nair,pooja.nair215@mail.com,2023-11-08 22:10:21,PREMIUM
216,Neha Singh,neha.singh216@mail.com,2026-07-14 02:15:48,REGULAR
217,James Das,james.das217@test.org,2026-03-05 17:44:59,PREMIUM
218,Arjun Gupta,arjun.gupta218@mail.com,2023-08-07 15:48:06,PREMIUM
219,Michael Brown,michael.brown219@test.org,2026-06-03 21:12:05,REGULAR
220,Karan Sharma,karan.sharma220@example.com,2024-02-15 19:43:49,REGULAR
221,Michael Singh,michael.singh221@shop.co.in,2025-06-27 01:58:47,PREMIUM
222,Neha Reddy,neha.reddy222@mail.com,2025-11-14 07:43:49,REGULAR
223,Robert Smith,robert.smith223@mail.com,2025-08-05 17:30:46,PREMIUM
224,Patricia Miller,patricia.miller224@test.org,2025-12-25 02:03:04,PREMIUM
225,Ishaan Iyer,ishaan.iyer225@example.com,2023-03-12 10:39:05,REGULAR
226,James Reddy,james.reddy226@mail.com,2023-05-31 23:34:49,PREMIUM
227,Kabir Brown,kabir.brown227@test.org,2024-12-05 17:03:54,PREMIUM
228,Jennifer Davis,jennifer.davis228@mail.com,2025-07-01 09:38:06,PREMIUM
229,Patricia Reddy,patricia.reddy229@shop.co.in,2025-01-30 04:10:47,VIP
230,Sara Verma,sara.verma230@test.org,2025-12-08 07:31:42,REGULAR
231,Arjun Khan,arjun.khan231@example.com,2024-07-17 09:54:56,VIP
232,Neha Johnson,neha.johnson232@shop.co.in,2023-04-05 01:28:15,REGULAR
233,Ishaan Miller,ishaan.miller233@mail.com,2023-05-23 09:49:58,PREMIUM
234,Robert Sharma,robert.sharma234@test.org,2023-03-20 13:42:12,REGULAR
235,Kabir Patel,kabir.patel235@mail.com,2023-04-17 13:58:18,REGULAR
236,Myra Smith,myra.smith236@mail.com,2026-04-17 22:33:11,PREMIUM
237,Robert Sharma,robert.sharma237@mail.com,2024-03-06 17:33:19,VIP
238,John Singh,john.singh238@mail.com,2026-05-25 10:45:11,REGULAR
239,Aarav Iyer,aarav.iyer239@test.org,2023-01-24 02:01:59,PREMIUM
240,Myra Smith,myra.smith240@mail.com,2023-01-25 12:21:41,REGULAR
241,Kabir Davis,kabir.davis241@example.com,2025-03-28 05:53:24,PREMIUM
242,James Miller,james.miller242@test.org,2026-04-23 14:34:39,REGULAR
243,Ishaan Miller,ishaan.miller243@mail.com,2025-02-21 16:28:04,VIP
244,Vivaan Das,vivaan.das244@example.com,2024-12-12 13:03:46,REGULAR
245,James Brown,james.brown245@example.com,2024-10-24 04:37:56,REGULAR
246,Arjun Gupta,arjun.gupta246@test.org,2023-05-06 12:05:14,PREMIUM
247,Aditya Iyer,aditya.iyer247@test.org,2024-03-03 05:20:22,REGULAR
248,Robert Das,robert.das248@shop.co.in,2024-12-05 19:44:12,REGULAR
249,Jennifer Reddy,jennifer.reddy249@mail.com,2025-10-14 01:28:05,REGULAR
250,Myra Davis,myra.davis250@shop.co.in,2024-06-10 12:17:11,REGULAR
251,Ishaan Smith,ishaan.smith251@test.org,2024-10-24 22:54:55,PREMIUM
252,Neha Iyer,neha.iyer252@shop.co.in,2025-12-02 22:32:38,REGULAR
253,Aditya Gupta,aditya.gupta253@example.com,2024-11-01 21:31:25,PREMIUM
254,Neha Iyer,neha.iyer254@example.com,2025-05-14 07:00:16,REGULAR
255,John Smith,john.smith255@example.com,2025-11-06 19:54:18,REGULAR
256,Michael Davis,michael.davis256@example.com,2026-01-25 03:05:26,VIP
257,Robert Das,robert.das257@example.com,2024-06-30 06:19:12,REGULAR
258,Diya Iyer,diya.iyer258@shop.co.in,2025-10-17 04:54:14,REGULAR
259,Ishaan Johnson,ishaan.johnson259@test.org,2025-05-14 03:04:48,REGULAR
260,Sara Khan,sara.khan260@shop.co.in,2026-06-07 23:23:38,PREMIUM
261,Robert Sharma,robert.sharma261@test.org,2025-08-04 00:58:33,REGULAR
262,Sara Das,sara.das262@test.org,2024-06-11 21:34:53,REGULAR
263,Kabir Brown,kabir.brown263@mail.com,2023-04-19 02:19:57,PREMIUM
264,Aarav Gupta,aarav.gupta264@mail.com,2026-03-05 01:03:45,REGULAR
265,Arjun Smith,arjun.smith265@test.org,2023-09-02 12:38:35,REGULAR
266,Rahul Gupta,rahul.gupta266@mail.com,2023-03-23 17:23:57,REGULAR
267,Robert Verma,robert.verma267@example.com,2025-11-12 23:22:29,REGULAR
268,Michael Davis,michael.davis268@shop.co.in,2025-01-24 10:46:50,REGULAR
269,Diya Reddy,diya.reddy269@shop.co.in,2024-06-20 04:58:36,REGULAR
270,Michael Wilson,michael.wilson270@test.org,2025-03-29 13:31:38,REGULAR
271,Karan Verma,karan.verma271@mail.com,2023-01-12 22:35:43,REGULAR
272,Diya Iyer,diya.iyer272@test.org,2026-04-02 01:58:59,REGULAR
273,Ishaan Sharma,ishaan.sharma273@shop.co.in,2025-02-11 15:52:08,REGULAR
274,Karan Khan,karan.khan274@test.org,2025-02-16 03:07:55,REGULAR
275,Vivaan Davis,vivaan.davis275@shop.co.in,2023-01-30 02:44:06,VIP
276,Rahul Davis,rahul.davis276@shop.co.in,2025-06-09 17:53:22,PREMIUM
277,Pooja Das,pooja.das277@shop.co.in,2023-06-28 21:58:28,REGULAR
278,Rahul Nair,rahul.nair278@shop.co.in,2026-05-29 19:27:18,PREMIUM
279,Neha Gupta,neha.gupta279@example.com,2024-11-09 09:47:42,REGULAR
280,Linda Brown,linda.brown280@example.com,2025-03-24 22:44:22,REGULAR
281,Priya Smith,priya.smith281@test.org,2023-12-11 04:48:18,PREMIUM
282,Aditya Reddy,aditya.reddy282@mail.com,2025-04-04 06:22:53,VIP
283,Neha Johnson,neha.johnson283@mail.com,2026-02-03 22:39:30,REGULAR
284,Kabir Singh,kabir.singh284@mail.com,2023-11-03 10:49:33,PREMIUM
285,Patricia Gupta,patricia.gupta285@shop.co.in,2023-10-03 04:29:10,REGULAR
286,Linda Miller,linda.miller286@test.org,2025-11-24 02:29:47,PREMIUM
287,Patricia Smith,patricia.smith287@shop.co.in,2023-08-23 12:05:59,REGULAR
288,Arjun Das,arjun.das288@test.org,2026-05-22 01:19:20,REGULAR
289,Neha Gupta,neha.gupta289@shop.co.in,2024-04-27 04:50:36,REGULAR
290,Vivaan Johnson,vivaan.johnson290@test.org,2026-07-15 23:53:52,REGULAR
291,Aditya Brown,aditya.brown291@example.com,2024-12-19 19:08:27,REGULAR
292,Linda Patel,linda.patel292@shop.co.in,2024-05-14 11:23:11,REGULAR
293,Vivaan Miller,vivaan.miller293@test.org,2023-06-10 18:49:46,VIP
294,Aditya Nair,aditya.nair294@mail.com,2023-03-02 19:19:27,PREMIUM
295,Arjun Nair,arjun.nair295@test.org,2024-07-19 07:05:57,VIP
296,Karan Davis,karan.davis296@test.org,2026-04-18 02:08:24,PREMIUM
297,Vivaan Smith,vivaan.smith297@test.org,2023-04-13 09:22:19,REGULAR
298,Michael Brown,michael.brown298@test.org,2024-03-17 09:46:01,PREMIUM
299,Michael Iyer,michael.iyer299@example.com,2024-06-01 20:38:15,REGULAR
300,Kabir Johnson,kabir.johnson300@shop.co.in,2024-04-26 22:16:38,REGULAR
301,Jennifer Gupta,jennifer.gupta301@shop.co.in,2024-04-25 22:02:57,PREMIUM
302,Rahul Iyer,rahul.iyer302@example.com,2025-11-06 23:45:00,PREMIUM
303,Pooja Johnson,pooja.johnson303@test.org,2023-01-29 07:41:01,REGULAR
304,Diya Smith,diya.smith304@shop.co.in,2026-04-05 04:22:25,REGULAR
305,Kabir Iyer,kabir.iyer305@test.org,2023-04-30 20:55:22,PREMIUM
306,Ishaan Verma,ishaan.verma306@test.org,2025-10-25 06:30:38,PREMIUM
307,Robert Iyer,robert.iyer307@shop.co.in,2025-07-16 18:57:40,REGULAR
308,Ananya Nair,ananya.nair308@shop.co.in,2026-01-25 07:39:03,REGULAR
309,Neha Khan,neha.khan309@test.org,2024-11-21 00:55:41,PREMIUM
310,Arjun Khan,arjun.khan310@mail.com,2025-04-09 13:22:43,REGULAR
311,James Patel,james.patel311@shop.co.in,2024-07-25 10:06:17,REGULAR
312,Priya Brown,priya.brown312@shop.co.in,2025-02-20 05:43:13,VIP
313,Diya Iyer,diya.iyer313@example.com,2024-01-24 08:47:43,PREMIUM
314,Neha Reddy,neha.reddy314@example.com,2026-01-10 02:57:02,REGULAR
315,Ananya Singh,ananya.singh315@mail.com,2024-11-28 23:50:04,PREMIUM
316,Aditya Khan,aditya.khan316@shop.co.in,2026-06-22 16:54:15,PREMIUM
317,Aarav Davis,aarav.davis317@shop.co.in,2023-03-24 17:33:38,REGULAR
318,Myra Brown,myra.brown318@test.org,2023-05-07 18:28:16,REGULAR
319,Rahul Reddy,rahul.reddy319@test.org,2026-01-15 06:06:23,PREMIUM
320,Kabir Verma,kabir.verma320@shop.co.in,2024-03-21 15:38:20,PREMIUM
321,Kabir Wilson,kabir.wilson321@example.com,2024-11-27 21:04:30,VIP
322,Aarav Singh,aarav.singh322@mail.com,2023-12-02 00:11:29,REGULAR
323,Robert Davis,robert.davis323@test.org,2023-06-22 17:20:47,REGULAR
324,Ishaan Verma,ishaan.verma324@shop.co.in,2024-01-06 09:40:08,PREMIUM
325,Robert Miller,robert.miller325@example.com,2023-04-08 13:37:13,PREMIUM
326,James Sharma,james.sharma326@mail.com,2025-09-08 16:59:16,PREMIUM
327,Priya Davis,priya.davis327@test.org,2023-01-03 10:19:21,REGULAR
328,Pooja Nair,pooja.nair328test.org,2025-10-29 01:33:26,REGULAR
329,Mary Sharma,mary.sharma329@shop.co.in,2024-08-29 13:10:12,REGULAR
330,Karan Johnson,karan.johnson330@example.com,2024-01-30 00:46:01,REGULAR
331,Aditya Johnson,aditya.johnson331@example.com,2024-01-10 13:49:33,PREMIUM
332,Rahul Iyer,rahul.iyer332@test.org,2023-03-10 20:57:15,REGULAR
333,Patricia Nair,patricia.nair333@shop.co.in,2026-07-13 22:56:47,VIP
334,James Nair,james.nair334@mail.com,2026-06-14 14:49:35,REGULAR
335,Arjun Verma,arjun.verma335@mail.com,2024-03-31 20:19:55,REGULAR
336,Diya Verma,diya.verma336@test.org,2024-05-05 06:15:53,REGULAR
337,John Wilson,john.wilson337@example.com,2024-01-29 12:13:18,PREMIUM
338,Diya Das,diya.das338@example.com,2024-07-08 12:57:42,PREMIUM
339,Rahul Singh,rahul.singh339@test.org,2023-07-13 08:45:52,REGULAR
340,Karan Miller,karan.miller340@test.org,2024-08-23 15:09:42,VIP
341,James Wilson,james.wilson341@test.org,2024-07-24 15:41:09,PREMIUM
342,Pooja Gupta,pooja.gupta342@mail.com,2024-10-30 22:11:53,REGULAR
343,Rahul Reddy,rahul.reddy343@test.org,2023-05-05 09:11:07,PREMIUM
344,Priya Miller,priya.miller344@shop.co.in,2025-07-25 03:21:45,REGULAR
345,Arjun Johnson,arjun.johnson345@example.com,2024-11-25 14:12:07,PREMIUM
346,Neha Davis,neha.davis346@example.com,2024-03-02 12:09:56,REGULAR
347,Patricia Brown,patricia.brown347@mail.com,2024-07-18 09:13:14,VIP
348,Kabir Miller,kabir.miller348@mail.com,2023-02-24 01:23:58,REGULAR
349,Patricia Johnson,patricia.johnson349@shop.co.in,2024-07-16 13:57:08,VIP
350,Vivaan Iyer,vivaan.iyer350@shop.co.in,2025-11-20 21:16:06,VIP
351,Neha Miller,neha.miller351@example.com,2026-03-31 09:51:04,REGULAR
352,Mary Johnson,mary.johnson352@test.org,2024-09-10 07:47:05,PREMIUM
353,Myra Reddy,myra.reddy353@mail.com,2023-02-10 06:07:09,REGULAR
354,Karan Reddy,karan.reddy354@test.org,2024-02-11 15:44:30,PREMIUM
355,Diya Das,diya.das355@shop.co.in,2025-12-14 01:28:24,REGULAR
356,Kabir Gupta,kabir.gupta356@mail.com,2024-12-03 05:22:22,PREMIUM
357,Arjun Gupta,arjun.gupta357@test.org,2026-06-13 02:07:22,PREMIUM
358,Jennifer Gupta,jennifer.gupta358@test.org,2025-05-04 09:22:47,PREMIUM
359,Ananya Nair,ananya.nair359@test.org,2026-05-17 23:08:45,REGULAR
360,Ishaan Patel,ishaan.patel360@mail.com,2026-05-15 10:20:55,REGULAR
361,James Sharma,james.sharma361@test.org,2024-07-14 15:11:51,REGULAR
362,John Iyer,john.iyer362@example.com,2025-08-08 15:05:18,REGULAR
363,Karan Wilson,karan.wilson363@shop.co.in,2025-03-27 15:21:16,PREMIUM
364,Linda Gupta,linda.gupta364@test.org,2023-07-14 16:31:15,PREMIUM
365,Arjun Miller,arjun.miller365@test.org,2025-11-22 12:18:03,REGULAR
366,John Nair,john.nair366@mail.com,2026-04-07 16:58:26,REGULAR
367,Vivaan Reddy,vivaan.reddy367@mail.com,2025-03-15 20:14:51,REGULAR
368,Ananya Smith,ananya.smith368@mail.com,2026-01-06 21:49:07,REGULAR
369,Mary Das,mary.das369@test.org,2023-05-03 12:06:37,REGULAR
370,John Singh,john.singh370@test.org,2023-07-14 10:41:12,PREMIUM
371,Aditya Nair,aditya.nair371@mail.com,2025-07-08 08:13:04,REGULAR
372,Robert Smith,robert.smith372@example.com,2025-05-25 13:12:12,PREMIUM
373,Aarav Gupta,aarav.gupta373@test.org,2023-03-12 14:56:19,PREMIUM
374,Linda Davis,linda.davis374@example.com,2025-08-18 04:45:08,REGULAR
375,Patricia Das,patricia.das375@test.org,2025-09-24 04:02:17,REGULAR
376,Michael Brown,michael.brown376@shop.co.in,2024-04-07 01:08:18,REGULAR
377,Vivaan Nair,vivaan.nair377@shop.co.in,2024-11-13 21:40:51,REGULAR
378,Diya Smith,diya.smith378test.org,2025-07-31 09:56:02,PREMIUM
379,Rahul Johnson,rahul.johnson379@mail.com,2024-09-11 09:13:57,PREMIUM
380,Mary Reddy,mary.reddy380shop.co.in,2024-05-10 17:30:09,REGULAR
381,Arjun Khan,arjun.khan381@example.com,2023-08-07 20:17:56,REGULAR
382,Karan Davis,karan.davis382@mail.com,2024-01-21 16:11:12,PREMIUM
383,Linda Smith,linda.smith383@mail.com,2023-10-22 21:31:41,REGULAR
384,Mary Miller,mary.miller384@test.org,2025-02-13 19:06:34,REGULAR
385,Aditya Brown,aditya.brown385@shop.co.in,2025-02-24 04:20:07,VIP
386,Diya Johnson,diya.johnson386@example.com,2023-03-17 14:06:24,REGULAR
387,Robert Wilson,robert.wilson387@example.com,2024-03-19 21:28:18,PREMIUM
388,Pooja Iyer,pooja.iyer388@test.org,2024-02-15 20:15:51,PREMIUM
389,Neha Verma,neha.verma389@example.com,2024-09-14 06:45:55,REGULAR
390,Diya Johnson,diya.johnson390@test.org,2025-05-09 09:38:44,REGULAR
391,Mary Miller,mary.miller391@test.org,2026-04-02 11:03:03,PREMIUM
392,Robert Reddy,robert.reddy392@example.com,2023-07-19 20:55:07,REGULAR
393,Rahul Johnson,rahul.johnson393@mail.com,2026-03-18 19:08:30,REGULAR
394,Mary Brown,mary.brown394@example.com,2025-02-15 20:15:20,REGULAR
395,Kabir Smith,kabir.smith395@shop.co.in,2026-06-02 22:01:10,REGULAR
396,Kabir Iyer,kabir.iyer396@test.org,2024-05-24 11:27:10,REGULAR
397,Robert Das,robert.das397@test.org,2025-07-11 07:39:34,REGULAR
398,Mary Wilson,mary.wilson398@test.org,2026-01-05 23:44:06,REGULAR
399,Aarav Johnson,aarav.johnson399@example.com,2024-05-29 13:30:25,VIP
400,Linda Das,linda.das400@example.com,2026-05-22 17:10:20,REGULAR
401,Sara Khan,sara.khan401@example.com,2026-01-25 15:44:44,REGULAR
402,Ananya Brown,ananya.brown402@mail.com,2023-08-18 13:28:39,REGULAR
403,Jennifer Reddy,jennifer.reddy403@example.com,2023-10-24 08:57:19,REGULAR
404,Pooja Iyer,pooja.iyer404@mail.com,2024-10-03 12:16:07,REGULAR
405,Robert Wilson,robert.wilson405@example.com,2026-02-17 02:00:06,PREMIUM
406,Mary Patel,mary.patel406@test.org,2025-05-21 07:22:28,VIP
407,James Brown,james.brown407@mail.com,2024-05-02 09:32:40,REGULAR
408,John Smith,john.smith408@test.org,2025-04-28 14:32:30,PREMIUM
409,Michael Singh,michael.singh409@shop.co.in,2025-08-05 17:18:12,REGULAR
410,Myra Singh,myra.singh410@test.org,2025-05-16 22:58:42,REGULAR
411,Priya Das,priya.das411@mail.com,2025-12-31 00:36:42,PREMIUM
412,James Smith,james.smith412@test.org,2025-01-15 08:22:05,REGULAR
413,Sara Das,sara.das413@shop.co.in,2023-07-09 07:47:45,PREMIUM
414,Karan Johnson,karan.johnson414@mail.com,2026-04-15 21:55:37,REGULAR
415,Priya Gupta,priya.gupta415@shop.co.in,2024-06-22 01:22:03,PREMIUM
416,James Patel,james.patel416@test.org,2023-11-10 21:38:28,VIP
417,Jennifer Singh,jennifer.singh417@example.com,2023-08-02 05:54:24,PREMIUM
418,Linda Khan,linda.khan418@example.com,2024-01-12 15:29:27,PREMIUM
419,Mary Khan,mary.khan419@mail.com,2025-09-18 00:17:51,REGULAR
420,Pooja Smith,pooja.smith420@shop.co.in,2026-01-19 09:02:48,REGULAR
421,Kabir Sharma,kabir.sharma421@mail.com,2025-05-04 22:37:50,REGULAR
422,James Wilson,james.wilson422@mail.com,2025-10-07 13:50:25,PREMIUM
423,Priya Smith,priya.smith423@example.com,2024-03-19 09:03:18,VIP
424,Aditya Khan,aditya.khan424@example.com,2025-04-11 07:55:22,VIP
425,Ananya Davis,ananya.davis425@example.com,2023-10-01 01:52:40,VIP
426,Karan Wilson,karan.wilson426@test.org,2023-10-17 10:12:03,PREMIUM
427,Aarav Das,aarav.das427@example.com,2025-06-01 07:09:11,VIP
428,Rahul Das,rahul.das428@shop.co.in,2024-12-06 19:21:40,PREMIUM
429,Kabir Miller,kabir.miller429@mail.com,2024-02-28 20:06:13,PREMIUM
430,Rahul Nair,rahul.nair430@shop.co.in,2026-02-09 18:06:02,PREMIUM
431,Jennifer Nair,jennifer.nair431@test.org,2023-01-22 21:05:48,PREMIUM
432,Linda Patel,linda.patel432@shop.co.in,2023-09-30 14:55:28,PREMIUM
433,Mary Smith,mary.smith433@shop.co.in,2023-05-15 17:49:06,PREMIUM
434,Ananya Iyer,ananya.iyer434@test.org,2025-01-11 16:46:44,VIP
435,Aarav Singh,aarav.singh435@mail.com,2024-08-18 20:41:23,REGULAR
436,Sara Smith,sara.smith436@example.com,2024-04-14 01:21:24,REGULAR
437,Neha Khan,neha.khan437@example.com,2023-04-07 12:09:46,REGULAR
438,Ananya Brown,ananya.brown438@test.org,2025-12-01 18:40:42,PREMIUM
439,Patricia Das,patricia.das439@mail.com,2024-07-24 23:01:47,REGULAR
440,Kabir Wilson,kabir.wilson440@shop.co.in,2023-08-26 23:10:18,PREMIUM
441,Robert Johnson,robert.johnson441@shop.co.in,2024-10-07 23:50:53,PREMIUM
442,Michael Patel,michael.patel442@mail.com,2026-03-29 12:11:07,PREMIUM
443,Robert Gupta,robert.gupta443@shop.co.in,2025-03-27 08:18:29,REGULAR
444,Neha Gupta,neha.gupta444@example.com,2025-05-26 09:44:04,REGULAR
445,John Patel,john.patel445@mail.com,2025-06-08 15:51:57,REGULAR
446,Mary Miller,mary.miller446@mail.com,2023-06-30 13:44:31,PREMIUM
447,James Gupta,james.gupta447@shop.co.in,2025-03-03 20:10:20,PREMIUM
448,Arjun Iyer,arjun.iyer448@shop.co.in,2025-03-08 07:15:59,REGULAR
449,Vivaan Miller,vivaan.miller449@test.org,2025-11-11 02:35:53,PREMIUM
450,Karan Singh,karan.singh450@example.com,2026-06-22 07:34:57,PREMIUM
451,Linda Gupta,linda.gupta451@shop.co.in,2023-03-12 08:31:34,REGULAR
452,Aditya Verma,aditya.verma452@shop.co.in,2023-04-18 05:13:12,REGULAR
453,Pooja Nair,pooja.nair453@mail.com,2026-04-09 13:21:23,PREMIUM
454,Patricia Davis,patricia.davis454@shop.co.in,2024-08-04 16:54:53,REGULAR
455,Karan Brown,karan.brown455@mail.com,2023-05-05 15:56:11,PREMIUM
456,Neha Reddy,neha.reddy456@shop.co.in,2023-10-05 05:58:44,REGULAR
457,Myra Sharma,myra.sharma457@example.com,2026-03-20 16:24:43,VIP
458,Arjun Davis,arjun.davis458@shop.co.in,2025-04-06 07:55:20,PREMIUM
459,Myra Miller,myra.miller459@mail.com,2024-06-21 17:46:13,REGULAR
460,Ishaan Verma,ishaan.verma460@shop.co.in,2026-06-11 11:32:02,PREMIUM
461,Aarav Khan,aarav.khan461@example.com,2023-11-17 03:16:47,REGULAR
462,Vivaan Miller,vivaan.miller462@example.com,2025-07-17 15:02:10,REGULAR
463,Vivaan Brown,vivaan.brown463@mail.com,2024-11-12 21:43:11,REGULAR
464,Vivaan Iyer,vivaan.iyer464@test.org,2025-02-21 18:35:55,REGULAR
465,Linda Smith,linda.smith465@test.org,2025-06-16 01:49:17,REGULAR
466,Kabir Khan,kabir.khan466@test.org,2024-10-04 10:38:31,REGULAR
467,John Nair,john.nair467@shop.co.in,2025-08-30 10:42:56,REGULAR
468,Vivaan Johnson,vivaan.johnson468@shop.co.in,2025-09-26 08:33:40,PREMIUM
469,Rahul Davis,rahul.davis469@mail.com,2024-09-26 05:00:19,REGULAR
470,Ananya Wilson,ananya.wilson470@mail.com,2024-01-10 07:56:42,REGULAR
471,Jennifer Iyer,jennifer.iyer471@shop.co.in,2026-06-05 17:30:45,VIP
472,John Davis,john.davis472@mail.com,2024-10-09 00:32:19,REGULAR
473,Sara Patel,sara.patel473@example.com,2024-05-28 01:05:48,VIP
474,Neha Gupta,neha.gupta474@mail.com,2025-04-12 01:56:24,REGULAR
475,Karan Verma,karan.verma475@mail.com,2023-04-24 01:35:47,PREMIUM
476,Linda Patel,linda.patel476@mail.com,2025-01-14 17:06:41,PREMIUM
477,Rahul Das,rahul.das477@mail.com,2023-01-24 19:40:55,VIP
478,Ishaan Wilson,ishaan.wilson478@mail.com,2024-01-12 20:31:45,REGULAR
479,Myra Smith,myra.smith479@test.org,2026-04-19 17:15:11,REGULAR
480,John Johnson,john.johnson480@test.org,2024-04-24 02:48:58,REGULAR
481,James Miller,james.miller481@shop.co.in,2023-06-03 04:22:52,PREMIUM
482,Rahul Patel,rahul.patel482@test.org,2024-07-29 20:52:52,REGULAR
483,Linda Khan,linda.khan483@mail.com,2026-02-25 11:53:30,REGULAR
484,John Davis,john.davis484@mail.com,2024-04-03 13:33:58,REGULAR
485,Myra Brown,myra.brown485@mail.com,2025-06-04 03:17:33,REGULAR
486,Patricia Smith,patricia.smith486@shop.co.in,2024-02-04 17:50:12,VIP
487,Patricia Wilson,patricia.wilson487@mail.com,2024-12-16 20:57:01,PREMIUM
488,Neha Nair,neha.nair488@shop.co.in,2023-08-06 10:01:55,REGULAR
489,John Verma,john.verma489@example.com,2025-03-24 22:03:49,PREMIUM
490,Aditya Verma,aditya.verma490@example.com,2026-04-02 08:37:03,REGULAR
491,Patricia Khan,patricia.khan491@mail.com,2023-04-16 14:01:42,REGULAR
492,Mary Miller,mary.miller492@example.com,2024-08-02 17:55:49,PREMIUM
493,Michael Wilson,michael.wilson493@shop.co.in,2025-10-21 03:54:06,REGULAR
494,John Davis,john.davis494@example.com,2023-01-19 09:50:10,REGULAR
495,Sara Das,sara.das495@shop.co.in,2023-01-27 15:07:20,PREMIUM
496,Ananya Reddy,ananya.reddy496@mail.com,2023-05-30 14:50:31,REGULAR
497,Robert Singh,robert.singh497@test.org,2026-06-20 09:23:43,REGULAR
498,Karan Gupta,karan.gupta498@shop.co.in,2024-08-02 12:22:15,REGULAR
499,Myra Khan,myra.khan499@example.com,2024-04-10 23:51:54,PREMIUM
500,Patricia Verma,patricia.verma500@shop.co.in,2023-05-26 05:57:05,REGULAR
